WASHINGTON, DC	278388
SPRINGFIELD, VA	16059
OAK RIDGE, TN	7527
DENVER, CO	4993
ROCKVILLE, MD	3585
BETHESDA, MD	2940
NEW YORK	2935
PORTLAND, OR	2490
BERKELEY, CA	2235
VICKSBURG, MS	2207
SL	2006
GAITHERSBURG, MD 	1823
FORT COLLINS, CO	1487
LONDON	1475
OGDEN, UT	1414
BELTSVILLE, MD	1322
ATLANTA, GA	1274
CINCINNATI, OH	1242
PARIS	1151
ASHEVILLE, NC	1129
MADISON, WI	1123
LOS ALAMOS, NM	956
RESTON, VA	891
RICHLAND, WA	844
ALEXANDRIA, VA	834
ST PAUL, MN	814
CHICAGO, IL	795
PITTSBURGH, PA	672
NEW ORLEANS, LA	641
BOULDER, CO	633
ALBUQUERQUE, NM	630
COLUMBUS, OH	616
UPPER DARBY, PA	591
UPTON, NY	581
ARLINGTON, VA	581
IDAHO FALLS, ID	571
CAMBRIDGE, MA	562
BROOMALL, PA	550
HYATTSVILLE, MD	542
RICHMOND	531
CANOGA PARK, CA	508
OTTAWA	490
JERUSALEM	481
SILVER SPRING, MD	463
LIVERMORE, CA	446
BALTIMORE, MD	436
BOSTON	405
MCLEAN, VA	401
GAITHERSBURG, MD	398
ARGONNE, IL	382
AIKEN, SC	380
FORT BELVOIR, VA	375
SEATTLE, WA	365
AVONDALE, MD	341
ROCKVILLE, MD 	336
PLACE OF PUBLICATION NOT IDENTIFIED	332
NEW YORK, NY	330
LEMONT, IL	325
CINCINNATI	321
PHILADELPHIA	312
LEMONT, III	310
WRIGHT-PATTERSON AIR FORCE BASE, OH	307
MISSOULA, MT	299
SACRAMENTO, CA	299
ANCHORAGE, AK	297
PENSACOLA, FL	279
BUENOS AIRES	275
ALBUQUERQUE, NEW MEXICO	262
BERLIN	260
ATLANTA	253
MADRID	242
CARLISLE BARRACKS, PA	241
AMES, IOWA	231
SCHENECTADY, NY	231
GREENBELT, MD	229
MOSKVA	223
RADNOR, PA	221
PORTLAND, OR 	218
NEW DELHI	214
RESEARCH TRIANGLE PARK, NC	208
ANNAPOLIS, MD	204
LAKEWOOD, CO	202
CORVALLIS, OR	201
ST PAUL	196
TALLAHASSEE, FL	188
SAINT PAUL, MN	187
BOSTON, MA	187
SAN FRANCISCO	184
MAXWELL AIR FORCE BASE, ALA	182
PHILADELPHIA, PA	181
NEW ORLEANS	180
NP	179
MONTEREY, CA	179
ANN ARBORMI	178
LANHAM, MD	172
LOS ANGELES, CA	171
TUCSON, ARIZ	169
CARLISLE, PA	168
RICHMOND, VA	166
BERKELEY	165
SANTA MONICA, CA	163
SAN FRANCISCO, CA	158
LANGLEY FIELD, VA	154
LAS VEGAS, NV	153
NEWTOWN SQUARE, PA	151
KöLN	147
CARACAS	146
OXFORD	142
AUSTIN, TX	141
LOS ANGELES	136
DUBLIN	135
BILLINGS, MT	135
UNITED STATES	133
CLEVELAND, OH	133
ROMA	132
LAWRENCE, KS	130
RALEIGH, NC	129
CHEYENNE, WY	129
SAN DIEGO, CA	128
OGDEN, UT 	125
WESTPORT, CT	125
TACOMA, WA	123
PASADENA, CA	123
URBANA, IL	122
MÉXICO	121
RIO DE JANEIRO	119
JUNEAU, AK	118
ADA, OK	116
BOISE, ID	116
GOLDEN, CO	116
COLORADO SPRINGS, CO	115
SANTA FE, NM	115
MENLO PARK, CA	114
HONOLULU, HAWAII	113
CHAMPAIGN, IL	112
MILANO	112
FORT LEAVENWORTH, KS	110
MADISON	109
BERKELEY, CA 	108
LEIPZIG	108
SALT LAKE CITY, UT	108
NASHVILLE, TN	107
MILWAUKEE, WI	107
ST PAUL, MN 	107
CANBERRA	105
LA JOLLA, CA	104
SAN DIMAS, CA	104
INDIANAPOLIS, IN	103
BEIJING	103
CHEVY CHASE, MD	103
OKLAHOMA CITY, OK	102
SEATTLE	102
STUTTGART	96
LITTLE ROCK, AR	92
BETHESDA, MD 	92
LIMA	91
HARRISBURG, PA	91
TOKYO	91
北京	91
HANOVER, NH	91
MIAMI, FL	91
PGH IE PITTSBURGH, PA	90
BARCELONA	90
BALTIMORE	90
MÉXICO, DF	88
ABERDEEN PROVING GROUND, MD	88
MüNCHEN	88
ANN ARBOR	88
COLUMBUS	88
DULUTH, MN	87
CARSON CITY, NV	86
LINCOLN, NE	86
HELENA, MT	86
LANSINGMI	84
BROOKS AIR FORCE BASE, TX	84
EDINBURGH	83
ATHENS, GA	82
SPRINGFIELD, VA 	81
SAN JUAN, PR	81
PITTSBURGH	80
PHOENIX, ARIZ	79
DETROIT	79
FORT EUSTIS, VA	78
MIAMISBURG, OH	78
CAMBRIDGE	78
MOUNDS VIEW, MN	77
ITHACA, NY	77
LA HABANA	77
WIEN	77
DETROITMI	77
FRANKFURT AM MAIN	76
SACRAMENTO	76
TUCSON	76
COLUMBIA, SC	73
FIRENZE	73
WASH	73
ALBANY, CA	72
ROME	72
KNOXVILLE, TN	72
FT WORTH, TX	71
MANILA	71
ROLLA, MO	71
GENEVA	71
ALBANY, NY	71
WEST TRENTON, NJ	70
MONTEVIDEO	70
NEWPORT, RI	70
AMSTERDAM	68
WARSZAWA	68
MORGANTOWN, WV	67
LOUISVILLE, KY	67
FORT COLLINS, CO 	66
BONN	65
LEMOYNE, PA	64
LUXEMBOURG	64
PRINCETON, NJ	64
WARSAW	64
HERNDON, VA	63
FORT LESLEY J MCNAIR, WASHINGTON, DC	60
BRUXELLES	59
PITTSBURG, PA	57
ASHEVILLE, NC 	57
PORT HUENEME, CA	57
ALBANY	57
HONOLULU	56
RAPID CITY, SD	55
MUSCLE SHOALS, ALA	55
MORGANTOWN, W, VA	55
TORONTO	54
MINNEAPOLIS, MN	54
ALEXANDRIA, VA 	53
MéXICO	53
IOWA CITY, IOWA	53
ST LOUIS, MO	53
FALLS CHURCH, VA	52
ROSSLYN, VA	52
EMMITSBURG, MD	52
YERUSHALAYIM	51
N P	51
AUSTIN	51
LAS CRUCES, NM	51
TALLAHASSEE	51
KNOXVILLE	51
NEWTON SQUARE, PA	50
LEIDEN	50
SÃO PAULO	49
OMAHA, NE	49
ARLINGTON, VA 	49
KANSAS CITY, MO	49
MéXICO, DF	48
ATLANTA, GA 	48
SUITLAND, MD	47
MINNEAPOLIS	47
RADNOR, PA 	46
JACKSON, MS	46
PRETORIA	46
HOUSTON, TX	46
DELHI	46
ALBUQUERQUE	46
OTTAWA, ONT	46
LUSAKA	45
RIVERSIDE, CA	45
OKLAHOMA CITY	45
NORTHBOROUGH, MA	44
HAMPTON, VA	44
CLEVELAND	44
BRUSSELS	44
STOCKHOLM	43
BETHESDA	43
HARPERS FERRY, W, VA	42
ANNAPOLIS	42
東京	42
WEST POINT, NY	42
NAIROBI	41
WELLINGTON	41
LAUREL, MD	41
WASH, DC	41
MIDDLETON, WI	40
FORT MONROE, VA	40
INDIANAPOLIS	40
MADISON, WI 	40
CAMARILLO, CA	38
LINCOLN	38
ATHENS	38
BISMARCK, ND	38
SPRINGFIELD, IL	38
WINDSOR, ONT	38
AMES, IOWA 	37
CHARLESTON, WV	37
SYRACUSE, NY	37
NEW HAVEN, CT	37
MOSCOW	36
STANFORD, CA	36
MONTEVIDEO, URUGUAY	36
NAPOLI	36
UNIVERSITY PARK, PA	36
COLLEGE STATION, TX	36
BELFAST	35
SALT LAKE CITY	35
BURLINGTON, VT	35
ROCK ISLAND, IL	35
BOGOTÁ	35
WOODS HOLE, MA	35
MARLBOROUGH, MA	34
FT BELVOIR, VA	34
BECKLEY, W, VA	34
JESSUP, MD	34
LACKLAND AIR FORCE BASE, TX	34
PORTSMOUTH, OH	34
WILMINGTON, DEL	34
FORT BENJAMIN HARRISON, IN	33
MANCHESTER	33
PROVIDENCE, RI	33
QUANTICO, VA	32
FREDERICK, MD	32
PARIS, FRANCE	32
LISBOA	32
WELDON SPRING, MSOURI	32
DULUTH	32
NAIROBI, KENYA	32
BELGRADE	31
BEOGRAD	31
CHAPEL HILL	31
OTTAWA, CANADA	31
OAKLAND, CA	31
BEDFORD, MA	31
JUNEAU	31
NORFOLK, VA	30
TORINO	30
TWIN CITIES, MN	30
HARTFORD, CT	30
BANGKOK	30
WIESBADEN	30
CHARLESTON, W, VA	30
DURHAM, NC	30
TüBINGEN	30
SAN RAMON, CA	30
ST LOUIS	30
MÜNCHEN	30
PORTLAND, ORG	30
CAIRO	30
SAN ANTONIO, TX	29
EAST LANSINGMI	29
WALTHAM, MA	29
NEW YORK CITY	29
SANTO DOMINGO	29
EAST LANSING	29
BRASÍLIA	29
SAN JOSE, CA	28
PITTSBURGH, PA 	28
LOWELL, MA	28
NORMAN, OK	28
GUNTER AIR FORCE STATION, ALA	28
BOLOGNA	28
QUITO	28
PANAMÁ	28
TOWSON, MD	28
BROOMALL, PA 	27
MAYAGÜEZ, PR	27
THOUSAND OAKS, CA	27
SINGAPORE	27
	27
SANTA BARBARA, CA	27
JEFFERSON, NC	27
BUENOS AIRES, ARGENTINA	27
SANTIAGO DE CHILE	27
BALTIMORE, MD 	27
BASEL	27
NEW YORK 	27
BUFFALO	26
BUDAPEST	26
BATON ROUGE, LA	26
BOULDER, CO 	26
AURORA, CO	26
HEIDELBERG	26
HAMBURG	26
LAGOS	26
ADDIS ABABA	26
TRENTON, NJ	26
HANSCOM AIR FORCE BASE, MA	25
URBANA	25
RENO, NV	25
ירושלים	25
MONTGOMERY, ALA	25
COLUMBIA, MO	25
GöTTINGEN	25
THE HAGUE	25
HARRISBURG	25
PHOENIX	25
BERN	25
ODGEN, UT	25
FT BELVIOR, VA	24
NEW ORLEANS, LA 	24
OLYMPIA, WA	24
HELSINKI	24
GENèVE	24
NARRAGANSETT, RI	24
BUFFALO, NY	24
BOULDER	24
PUEBLO, CO	24
PRAHA	24
CALCUTTA	24
TōKYō	24
FORT GEORGE G MEADE, MD	24
SILVER SPRING, MD 	24
MELBOURNE	24
DALLAS, TX	24
ROCHESTER, NY	24
NEW HAVEN	24
BATTLE CREEKMI	24
FLAGSTAFF, ARIZ	24
NORRIS, TN	24
PANAMA CITY, FL	23
GULF BREEZE, FL	23
LANSING	23
ANKARA	23
VIENNA, VA	23
NATICK, MA	23
PASADENA	23
LEXINGTON, KY	23
VIENNA	23
TAIBEI	23
NOTRE DAME, IN	23
BLOOMINGTON	23
SAN DIEGO	23
DOWNEY, CA	23
MILWAUKEE	23
COLORADO SPRINGS	23
RIVERDALE, MD	23
NEW CUMBERLAND, PA	22
PADUCAH, KY	22
FAYETTEVILLE	22
VENEZIA	22
TŌKYŌ	22
GUATEMALA	22
CHICHESTER	22
VICKSBURG	22
MEMPHIS, TN	22
CHINA LAKE, CA	22
BRUSSELS, BELGIUM	22
WASHINTON	22
IRONWOOD, MI	21
PEMBROKE, NH	21
CASPER, WY	21
GERMANY	21
CARDIFF	21
BELMONT, CA	21
PORTLAND	21
CORVALLIS	21
PRESIDIO OF MONTEREY, CA	21
HURON, SD	21
SANTIAGO	21
MEXICO	21
VANCOUVER, WA	21
ALBUQUERQUE, NM 	21
DAVIS, CA	21
MOFFETT FIELD, CA	21
OAK RIDGE	21
AUGUSTA, ME	21
TERMINAL ISLAND, CA	21
SALINA, KS	21
AMHERST, MA	20
ENGLEWOOD CLIFFS, NJ	20
TUCSON, AZ	20
WASHINTON, DC	20
HABANA	20
LA PAZ	20
ADELPHI, MD	20
COLLEGE PARK, MD	20
DES MOINES, IOWA	20
GRAND JUNCTION, CO	20
BAYRūT	20
OSLO	20
KEARNEYSVILLE, W, VA	20
FORT RUCKER, ALA	19
ANCHORAGE	19
KøBENHAVN	19
HANSCOM AFB, MA	19
MAINZ	19
LAS VEGAS	19
EUGENE, OR	19
WELLINGTON, NZ	19
SYOSSET, NY	19
LA HABANA, CUBA	19
SAN SALVADOR	19
S L	19
TEL-AVIV	19
WILMETTE, IL	19
CORAM, NY	18
NEWTON CORNER, MA	18
LONG BEACH, CA	18
LARAMIE, WY	18
ABIDJAN	18
BROOKFIELD, VT	18
BLOOMINGTON, IN	18
STERLING, VA	18
RIO PIEDRAS, PR	18
COLLEGE STATION	18
'S-GRAVENHAGE	18
QUITO, ECUADOR	18
SANTO DOMINGO, REPÚBLICA DOMINICANA	18
EVANSTON, IL	18
RALEIGH	18
SLIDELL, LA	18
FORT COLLINS	18
DORAVILLE, GA	17
SPOKANE, WA	17
ACCRA	17
ALDERSHOT	17
DARMSTADT	17
LENINGRAD	17
WEST LAFAYETTE, IN	17
JACKSONVILLE, FL	17
TEL AVIV	17
SANKT-PETERBURG	17
DAR ES SALAAM	17
TUSCALOOSA, ALA	17
NEW BRUNSWICK, NJ	17
RIO DE JANEIRO, RJ	17
CARACAS, VENEZUELA	17
SãO PAULO	17
CARBONDALE	17
NEWARK, NJ	17
DORDRECHT	17
SCHENECTADY, NEW YORK	17
1966	17
MOSCOW, ID	17
TROY, NY	16
NEWTON, MA	16
BELTSVILLE, MD 	16
FAIRBANKS, AK	16
FORT SILL, OK	16
DELAWARE, OH	16
CHARLOTTESVILLE, VA	16
NORTHAMPTON, MA	16
COLOMBO	16
BATON ROUGE	16
TAIPEI	16
RíO PIEDRAS, PR	16
BUTTE, MT	16
PORT WASHINGTON, NY	16
FORT WORTH, TX	16
GARDEN CITY, NY	16
BECKLEY, WV	16
LAFAYETTE, IN	16
CHATTANOOGA, TN	16
HYATTSVILLE, MD 	16
NASHVILLE	16
WHITE CLOUD, MI	15
CEDAR CITY, UT	15
FORT SHERIDAN, IL	15
WINDSOR, CT	15
FT COLLINS, CO	15
LAWRENCE	15
TUSCALOOSA	15
DUBLIN, IRELAND	15
SYDNEY	15
LANGLEY, VA	15
KUALA LUMPUR	15
LIPSIAE	15
FAIRFAX, VA	15
HOBOKEN, NJ	15
CA	15
BRATISLAVA	15
DAYTON, OH	15
SACRAMENTO, CA 	15
DJAKARTA	15
CAMBRIDGE, MA 	15
Москва	15
FRANKFURT	15
NEW YORK, NEW YORK	15
RICHFIELD, UT	15
DALLAS	15
FT MONROE, VA	15
GALVESTON, TX	14
MONTROSE, CO	14
ASHVILLE, NC	14
KANSAS CITY	14
MADISON, WIC	14
FORT COLLINS, COL	14
ARMONK, NY	14
IOWA CITY	14
COLUMBIA	14
LANHAM	14
PADERBORN	14
GAINESVILLE	14
FORT BENNING, GA	14
OKLAHOMA CITY, OKLA	14
RANDOLPH AFB, TX	14
PEKING	14
SHANGHAI	14
UPPER SADDLE RIVER, NJ	14
ALDERSHOT, HANTS, ENGLAND	14
臺北	14
FORTALEZA	14
PIERRE, SD	14
CROWTHORNE, BERKSHIRE	14
SALISBURY	14
GENÈVE	14
PATUXENT RIVER, MD	14
MAXWELL AFB, ALA	14
HUNTSVILLE, ALA	14
WRIGHT-PATTERSON AFB, OH	14
DAHLGREN, VA	14
ARMY CHEMICAL CENTER, MD	14
CHARLESTON, SC	14
AMES, IA	13
MANISTEE, MI	13
PGH PITTSBURGH, PA	13
HOT SPRINGS, AR	13
DURANGO, CO	13
STEAMBOAT SPRINGS, CO	13
SALEM, OR	13
NORMAN	13
CHELTENHAM, UK	13
COLUMBUS, OH 	13
PHOENIX, AZ	13
TOKYO, JAPAN	13
MISSOULA MONT	13
SEOUL	13
TOULOUSE	13
ASHEVILLE	13
上海	13
ITHACA	13
SPRINGFIELD	13
LITTLE ROCK	13
CHAPEL HILL, NC	13
SOCORRO, NM	13
SEVILLA	13
DES MOINES	13
SÃO PAULO, SP	13
VALENCIA	13
CIUDAD DE LA HABANA	13
RÍO PIEDRAS, PR	13
LEXINGTON	13
MONTREAL	13
DAKAR	13
READING, MA	13
MILES CITY, MT	13
MBABANE	13
WHITE PLAINS, NY	13
LEAVENWORTH, KS	13
WEBSTER, TX	12
TAWAS, MI	12
TALLAHASSEE, FLA 	12
EAST HARTFORD, CT	12
KIRTLAND AIR FORCE BASE, NM	12
WHEATON, MD	12
GLENWOOD SPRINGS, CO	12
ROSWELL, NM	12
TWIN FALLS, ID	12
OMAHA	12
JAKARTA	12
IBADAN	12
COPENHAGEN	12
KRAKóW	12
AMHERST, NY	12
SOLNA, SWEDEN	12
ST CLAIR SHORESMI	12
AL-QĀHIRAH	12
PALERMO	12
BANGKOK, THAILAND	12
KARACHI	12
UPTON	12
NEWARK, DEL	12
GABORONE	12
LEXINGTON, MA	12
ASUNCIÓN	12
HARMONDSWORTH	12
SANTIAGO, CHILE	12
LIMA, PERU	12
بيروت	12
HILDESHEIM	12
MEXICO, DF	12
ST LOUIS, MSOURI	12
PORTO ALEGRE	12
FOR SALE BY THE SUPT OF DOCS, US GPO	12
WINDOW ROCK, ARIZ	12
TUNIS	12
TULSA, OK	12
BOZEMAN, MT	12
MIAMI	12
BALDWIN, MI	11
FORT GORDON, GA	11
VERNAL, UT	11
BAY ST LOUIS, MS	11
DELTA, CO	11
ROCK SPRINGS, WY	11
SCOTT AFB, IL	11
PEORIA, IL	11
YAOUNDé	11
DES PLAINES, IL	11
FORT RILEY, KS	11
HARARE	11
LEWISTON, NY	11
PALO ALTO, CA	11
WEINHEIM	11
MARSHALL SPACE FLIGHT CENTER, ALA	11
FREIBURG IM BREISGAU	11
ZüRICH	11
FORT BLISS, TX	11
LONDON 	11
HARTFORD	11
OAKRIDGE, TN	11
WINDHOEK	11
UNIVERSITY, LA	11
BELLINGHAM, WA	11
HOUSTON	11
MONTRéAL	11
HULL, QUEBEC	11
SAN JUAN	11
SAIGON	11
SAN JUAN DE PUERTO RICO	11
SAN JOSÉ, COSTA RICA	11
SOFII͡A	11
LEWISBURG, PA	11
UNIVERSITY, ALA	11
ARLINGTON	11
LISBON	10
CONFEDERATE STATES OF AMERICA	10
MIO, MI	10
TEMPE, ARIZ	10
BOW, NH	10
ATLANTA, GEORGIA	10
CAMP SPRINGS, MD	10
RAWLINS, WY	10
PHILADELPHIA, PA 	10
BAKER, OR	10
NORTH CHICAGO, IL	10
HIGHLANDS, NJ	10
BETHESDA, MARYLAND	10
ROCKVILLE, MARYLAND	10
BATAVIA, IL	10
TURNHOUT	10
BARI	10
MACON, GA	10
TAIBEI SHI	10
LINKöPING, SWEDEN	10
BAYRūT, LUBNāN	10
DURHAM	10
BRAUNSCHWEIG	10
CITTà DEL VATICANO	10
PROVIDENCE	10
MELVILLE, NY	10
תל אביב	10
MILLWOOD, NY	10
WEIMAR	10
S-PETERBURG	10
POINT MUGU, CA	10
SAN ANTONIO	10
CANBERRA, ACT	10
CINCINNATI, OH 	10
COLUMBIA, MD	10
MANHATTAN, KS	10
BAMAKO	10
KENT, OH	10
WáSHINGTON	10
SANTA CRUZ, CA	10
HAVANA	10
HARPERS FERRY, WV	10
LIMA, PERÚ	10
BAKERSFIELD, CA	10
ANN ARBOR, MI	10
US	10
FORT MONMOUTH, NJ	10
CHARLOTTESVILLE	10
DURHAM, NH	10
OAK RIDGE, TN 	10
WARSZAWA, POLAND	10
GLASGOW	10
MEDFORD, OR	10
GREENPORT, LONG ISLAND, NY	10
EMITSBURG, MD	9
DE KALB, IL	9
KEARNEYSVILLE, WV	9
BURNS, OR	9
ANDREWS AFB, MD	9
NEW LONDON, CT	9
PORT ANGELES, WA	9
OFFUTT AIR FORCE BASE, NE	9
CRAIG, CO	9
SALMON, ID	9
MUNICH	9
PRINEVILLE, OR	9
DEN HAAG	9
KIGALI	9
FARMINGTON, NM	9
PISA	9
MAHWAH, NJ	9
ALDERSHOT, ENGLAND	9
CHESTER SPRINGS, PA	9
DACCA	9
ENUGU	9
WROCłAW	9
ZARAGOZA	9
CAMBRIDGE ENG	9
DOBBS FERRY, NY	9
LUBBOCK, TX	9
FORT KNOX, KY	9
JAMESTOWN, ND	9
MERRIFIELD, VA	9
GAINESVILLE, FL	9
EDWARDS AIR FORCE BASE, CA	9
WILMINGTON, NC	9
BROOKINGS, SD	9
STAMFORD, CT	9
GREENSBORO, NC	9
SAN JUAN, PUERTO RICO	9
CORAL GABLES, FL	9
LANSING, MI	9
BOULDER CITY, NV	9
MüNSTER	9
STORRS, CT	9
1967	9
1965	9
LA PAZ, BOLIVIA	9
TRENTON	9
BEAUFORT, NC	8
ALASKA	8
HANOVER, MD	8
HARPERS FERRY, WVA	8
GOLDEN, CO 	8
GREAT FALLS, MT	8
WORLAND, WY	8
BATTLE MOUNTAIN, NV	8
KENNEDY SPACE CENTER, FL	8
GROTON, CT	8
GRIFFISS AIR FORCE BASE, NY	8
PADOVA	8
NEW YORK, NY 	8
AMANN	8
LUSAKA, ZAMBIA	8
COTONOU	8
FLORENCE	8
SAN JOSé, COSTA RICA	8
LYNCHBURG, VA	8
CORK	8
MOBILE, ALA	8
LITTLETON, CO	8
GENEVA, SWITZERLAND	8
DUDLEY, MA	8
TÜBINGEN	8
KASSEL	8
OXFORD, UK	8
WILLIMANTIC, CT	8
NORTHVALE, NJ	8
AMHERST	8
NEWTON, MA 	8
UNIVERSITY PARK	8
STROUD	8
PEABODY, MA	8
PISCATAWAY, NJ	8
ISRAEL	8
STILLWATER, OK	8
KÖLN	8
BUCUREȘTI	8
台北	8
BROOKLYN, NY	8
ZURICH	8
BOMBAY	8
ATHèNES	8
KYïV	8
WRIGHT-PATTERSON AIR FORCE BASE, O	8
COLUMBUS, O	8
WALLA WALLA, WA	8
INDEPENDENCE, MO	8
GERMANTOWN, MD	8
İSTANBUL	8
KAMPALA	8
FAYETTEVILLE, AR	8
HALLE	8
תל־אביב	8
STRASBOURG	8
BLANTYRE	8
FORT BELVOIR, VA 	8
서울	8
INDIAN HEAD, MD	8
SOUTH BEND, IN	8
ROCKVILLE	8
MILAN	8
FRANKFORT, KY	8
BRASíLIA	8
TEMPE	8
LOS ALAMITOS, CA	8
STOCKHOLM, SWEDEN	8
PUERTO RICO	8
PANAMA	8
PORTSMOUTH, NH	8
ST PETERSBURG, FL	8
METAIRIE, LA	8
IOWA CITY, IA	8
SAN JOSÉ	8
HOLLOMAN AIR FORCE BASE, NM	8
LOGAN, UT	8
YELLOWSTONE NATIONAL PARK, WY	8
HUNTINGTON, W, VA	8
DENTON, TX	8
COLORADO	8
BOGOTá	8
MADRAS	8
KEARNEYSVILLE, WVA	7
STNIS SPACE CENTER, MS	7
SITKA, AK	7
NORTH LITTLE ROCK, AR	7
BURLEY, ID	7
PROVO, UT	7
TAOS, NM	7
KLAMATH FALLS, OR	7
MOAB, UT	7
SHERIDAN, WY	7
DICKINSON, ND	7
LEWISTOWN, MT	7
ELKO, NV	7
GRANTS PASS, OR	7
CORVALLIS, ORG	7
SUSANVILLE, CA	7
SANTA, FE	7
SCOTT AIR FORCE BASE, IL	7
BOISE	7
RANDOLPH AIR FORCE BASE, TX	7
BARTLESVILLE, OK	7
FOR SALE BY THE NATIONAL TECHNICAL INFORMATION SERVICE, SPRINGFIELD, VA	7
ORONO, ME	7
FREETOWN	7
TIANJIN	7
COLVILLE, WA	7
GRANADA	7
LIBREVILLE	7
GABORONE, BOTSWANA	7
VIENTIANE	7
LOUVAIN	7
INNSBRUCK	7
AIX-EN-PROVENCE	7
CRANBURY, NJ	7
VANCOUVER	7
NEWARK	7
MADISON, NJ	7
SOVERIA MANNELLI 	7
LEUVEN	7
GRAND RAPIDSMI	7
CAMBRIDGE, UK	7
RAVENNA	7
ISLAMABAD	7
AL-QāHIRAH	7
EXETER	7
SALAMANCA	7
HONG KONG	7
TOPEKA, KS	7
ANDREWS AIR FORCE BASE, MD	7
MINSK	7
UPPER DARBY	7
LUBLIN	7
MONTPELIER, VT	7
METUCHEN, NJ	7
BUJUMBURA	7
RABAT	7
DUBUQUE, IOWA	7
HARLOW, ENGLAND	7
CONCORD	7
SYRACUSE	7
MISSISSIPPI STATE, MS	7
AMES	7
ADELPHI, MD 	7
PARIS 	7
RECIFE	7
WÁSHINGTON	7
LIMA, PERú	7
BOGOTA	7
ATHENS, OH	7
BELO HORIZONTE	7
SAN MATEO, CA	7
ASUNCIÓN, PARAGUAY	7
BRYN MAWR, PA	7
YUMA, ARIZ	7
BOCA RATON, FL	7
WASINGTON	7
PRESIDIO OF MONTEREY	7
GUADALAJARA	7
UPPSALA	7
NEW-YORK	7
QUEBEC	7
GRAZ	7
FT COLLINS	7
SHOSHONE, ID	7
MONTGOMERY	7
OGDEN	7
MINOT, ND	6
HARRISVILLE, MI	6
SILVER SPRINGS, MD	6
JACKSON, MS 	6
UNITED STATES AIR FORCE ACADEMY, CO	6
BRIGHAM CITY, UT	6
GRAND JUNCTION, CO 	6
BISMARK, ND	6
SUITLAND, MD 	6
FORT LEE, VA	6
ST GEORGE, UT	6
KETCHIKAN, AK	6
ROANOKE, VA	6
CUSTER, SD	6
MONTE VISTA, CO	6
BOULDER, COL	6
AUBURN, ALA	6
WRIGHT PATTERSON AIR FORCE BASE, OH	6
CHATTANOOGA	6
PRICE, UT	6
SL 	6
NSTL STATION, MS	6
MAPUTO	6
GRENOBLE	6
THOUSAND OAKS	6
SAVANNAH, GA	6
KINSHASA	6
天津	6
MINNESOTA	6
WHITE OAK, MD	6
HANNOVER	6
SALZBURG	6
PETERBOROUGH, ONT	6
MADRID, ESPAñA	6
MANCHESTER, UK	6
GENOVA	6
LAUREL, MARYLAND	6
BRISTOL	6
MARYKNOLL, NY	6
DüSSELDORF	6
TOTOWA, NJ	6
臺北市	6
NEW CANAAN, CT	6
HANOVER	6
MANILA, PHILIPPINES	6
REGENSBURG	6
WASHIGTON	6
ROCHESTER	6
MILWAUKEE, WIC	6
HALLE 	6
CHARLESTON, WVA	6
MADISON WIS	6
PORTLAND, ME	6
ENTEBBE	6
MAXWELL AIR FORCE BASE, AL	6
RANDOLPH FIELD, TX	6
中華民國臺北市南港	6
IE JERUSALEM	6
SŎUL	6
QUéBEC	6
ORLANDO, FL	6
KELLY AIR FORCE BASE, TX	6
FT MEADE, MD	6
FORT SAM HOUSTON, TX	6
VALLEJO, CA	6
SAN FRANCISCO, CA 	6
HAIFA	6
FRANKFURT/MAIN	6
BRASÍLIA, DF	6
CIUDAD DE LA HABANA, CUBA	6
WHITE SANDS MISSILE RANGE, NM	6
ADDIS ABABA, ETHIOPIA	6
عمان	6
ʻAMMāN	6
SALEM	6
STOUGHTON, WI	6
WAHINGTON, DC	6
LILLE	6
AMARILLO, TX	6
BEROLINI	6
1968	6
CODY, WY	6
WILLIAMS, ARIZ	6
ROSEBURG, OR	6
JOHANNESBURG	6
MOUNT HOPE, CZ	6
WEST POINT	6
ACCRA, GHANA	5
MARBURG	5
KHARTOUM	5
CHANDIGARH	5
MISSISSIPPI	5
MARSHALL, TX	5
YREKA, CA	5
CASS LAKE, MN	5
ALBANY, CA 	5
AKRON, CO	5
SALT LAKE CITY, UT 	5
WATERSMEET, MI	5
FORT COLLINS COLO	5
OH	5
CHARLESTON	5
ARGONNE, III	5
AVONDALE, MD 	5
PGH IE PITTSBURGH	5
HUNTSVILLE, AL	5
LINTHICUM HEIGHTS, MD	5
PEARL, MS	5
AUSTIN, TEX 	5
ANCHORAGE, ALASKA 	5
ASHEVILLE, NS	5
US GPO	5
SEOUL, KOREA	5
WARRENMI	5
BAKER CITY, OR	5
CAPITOL HEIGHTS, MD	5
ARCATA, CA	5
NSTL, MS	5
ELY, NV	5
ST ANTHONY, ID	5
CARLSBAD, NM	5
COEUR D'ALENE, ID	5
VALE, OR	5
NORFOLK	5
HYDE PARK, NY	5
ALEXANDER, VA	5
DAYTON	5
FOR SALE BY THE SUPT OF DOCS, US GOVT PRINT OFF	5
RESTON, VA 	5
HAMDEN, CT	5
MAXWELL AFB, AL	5
QUEZON CITY	5
WOODSTOCK, NY	5
BUCKINGHAM ENGLAND	5
LIVERPOOL	5
CANADA	5
LUANDA	5
FARGO, ND	5
FOR SALE BY THE OFFICE OF TECHNICAL SERVICES, DEPT OF COMMERCE, WASHINGTON, DC	5
ARLINGTON, TX	5
PORTO-NOVO	5
CINCINNATI, O	5
LA CROSSE, WI	5
VENTURA, CA	5
SKOKIE, IL	5
MONROVIA, LIBERIA	5
台北市	5
GREAT LAKES, IL	5
NOVOSIBIRSK	5
GRESHAM, OR	5
HONOLULU, HI	5
WILLIAMSBURG, VA	5
LEEDS	5
CAPE TOWN	5
QUANTICO	5
PHILADELPHIA 	5
PETERSON AIR FORCE BASE, CO	5
WINTERTHUR, SCHWEIZ	5
FRIBOURG	5
CHESTNUT HILL, MA	5
CORK, IRELAND	5
FORT WORTH	5
VILLENEUVE D'ASCQ	5
KONSTANZ	5
LECCE	5
VANCOUVER, BC	5
SIENA	5
POZNAń	5
TANANARIVE	5
بيروت، لبنان	5
الرياض	5
AL-RIYāḍ	5
FARMINGTON HILLSMI	5
NEWBURYPORT, MA	5
CANBERRA, AUSTRALIA	5
FAIRBANKS	5
LONDON, ENGLAND	5
NüRNBERG	5
FORT LEAVENWORTH	5
VP	5
BETHESDA,MD	5
BROOKLYN	5
PIERRE	5
FRANKFURT, AM	5
LARAMIE	5
MANAGUA	5
CLEMSON, SC	5
PRAGUE	5
ABUJA, NIGERIA	5
ST PETERSBURG	5
1975	5
1970	5
ONALASKA, WI	5
LILONGWE, MALAWI	5
CARBONDALE, IL	5
武昌	5
WUCHANG	5
FORT CARSON, CO	5
FRESNO, CA	5
FOR SALE BY THE SUPT OF DOCS	5
SPRINFIELD, VA	5
LAS CRUCES	5
ABERDEEN, MD	5
GRONINGEN	5
S1	5
ENGLEWOOD, CO	5
PRINCETON	5
RENO	5
KINGSTON	5
LANDER, WY	5
ECUADOR	5
BROWNSVILLE, TX	5
TEGUCIGALPA, HONDURAS	5
BRASILIA	5
ARGENTINA	5
LANGLEY AFB, VA	5
SANTIAGO CHILE	5
MANAGUA, NICARAGUA	5
SãO PAULO, SP	5
AGUASCALIENTES, AGS	5
ZAMORAMI	5
JACKSON	5
MALAWI	5
SANTA MONICA	5
EAST LANSING, MI	5
HUSUM	5
FOR SALE BY THE US GPO, SUPT OF DOCS	5
V PRAZE	5
SALERNO	5
ALBURQUERQUE, NEW MEXICO	5
ATLANTIC CITY INTERNATIONAL AIRPORT, NJ	5
BUENOS AIRES, REPÚBLICA ARGENTINA	5
VERMILLION	5
OTTAWA 	5
EL PASO, TX	5
PETERSON AFB, CO	5
BETHESDA, MD, ETC	5
MUSCLE SHOALS	5
ZAGREB	5
1973	5
NY	5
REDSTONE ARSENAL, ALA	5
LINDEN, NEW JERSEY	4
WüRZBURG	4
ALDERSHOT, HANTS	4
SAN JUAN, PR 	4
WARRENDALE, PA	4
BADEN-BADEN	4
ALGER	4
PORT-AU-PRINCE	4
SOFIA	4
ISTANBUL	4
ZOMBA	4
QUINCY, MA	4
LAFAYETTE, LA	4
CALVERTON, MD	4
SPINGFIELD, VA	4
EDGEWOOD ARSENAL, MD	4
DAYTON, O	4
JACKSONVILLE	4
<WASHINGTON, DC>	4
FORT EUSTIS	4
<WASHINGTON	4
ROME, NY	4
CONCORD, MA	4
HADLEY, MA	4
CAMBRIDGE, MD 	4
RUTLAND, VT	4
COLO	4
FILLMORE, UT 	4
KENTON, MI	4
GLOUCESTER, MA	4
AUKE BAY, AK	4
FORT MCNAIR, WASHINGTON, DC	4
CHILOCCO, OKL	4
SUDBURY, MA	4
GREENBELT, MARYLAND	4
CADILLAC, MI	4
OAKLAND	4
COLLEGE PARK, MD 	4
REDWOOD CITY, CA	4
NEWTOWN SQUARE, PA 	4
BOLLING AFB, DC	4
BEAVER, WV	4
BISMARCK, ND 	4
IRONWOODMI	4
FORT IRWIN, CA	4
GLYNCO, GA	4
SEPULVEDA, CA	4
JACKSON, WY	4
CADILLACMI	4
BEND, OR	4
JOHN DAY, OR	4
ANCHORAGE, AK 	4
MEEKER, CO	4
SAFFORD, ARIZ	4
INTERNATIONAL FALLS, MN	4
LAKEVIEW, OR	4
BARSTOW, CA	4
NORTON AFB, CA	4
FOLSOM, CA	4
CARLISLE BARRACKS, PENN	4
OKANOGAN, WA	4
PENDLETON, OR	4
WENATCHEE, WA	4
FORT HUACHUCA, ARIZ	4
SOUTH CAROLINA	4
HILL AIR FORCE BASE, UT	4
CHADRON, NE	4
MCCALL, ID	4
FLAGSTAFF, AZ	4
SPRINGERVILLE, ARIZ	4
MONTGOMERY ALA	4
NEW YORK, ETC	4
FORT ORD, CA	4
TYNDALL AFB, FL	4
ANN ARBORMI 	4
LOS ALAMOS	4
WASHIGNTON	4
NUEVA YORK	4
BANJUL, THE GAMBIA	4
MONROE, ME	4
BELTSVILLE	4
FORT BRAGG, NC	4
HOFHEIM	4
SPARTANBURG, SC	4
LOUISVILLE	4
OTTAWA-HULL	4
LOWRY AIR FORCE BASE, CO	4
ADDIS ABEBA	4
OUAGADOUGOU	4
MOGADISHU	4
CONAKRY	4
ERLANGEN	4
LOS ANGELES, CA 	4
CAMERON STATION, ALEXANDRIA, VA	4
MILFORD, PA	4
MORGANTOWN W, VA	4
MONTGOMERY, AL	4
AMOY	4
TAMPA, FL	4
OXFORD ENG	4
BLACKSBURG, VA	4
ZÜRICH	4
WINDHOEK, NAMIBIA	4
TASHKENT	4
DULLES, VA	4
BOULDER COLO	4
HOMEWOOD, IL	4
LAUSANNE	4
CHICHESTER, ENGLAND	4
CINISELLO BALSAMO 	4
AUSTRALIA	4
NICOSIA	4
CINISELLO BALSAMO, MILANO	4
GALATINA 	4
SANTA ROSA, CA	4
NORMAL, IL	4
FARMINGTON, ME	4
NEW CASTLE, DE	4
LIVORNO	4
BIELEFELD	4
MANCHESTER ENGLAND	4
BORDEAUX	4
TRIESTE	4
MILANO, ITALY	4
SOMERSET, NJ	4
OSTFILDERN-RUIT	4
ESSEN	4
OXFORD ENGLAND	4
MODENA	4
ALESSANDRIA	4
AKRON, OH	4
CLERMONT-FERRAND	4
GRAND CANYON, ARIZ	4
SHEFFIELD	4
CARSON, CA	4
القاهرة	4
TAIPEI, TAIWAN, REPUBLIC OF CHINA	4
南京	4
NANJING	4
PORT MORESBY, PAPUA NEW GUINEA	4
SAGINAWMI	4
HAGUE	4
LAHORE	4
#	4
BRESLAU	4
JENA	4
WARSAW, POLAND	4
*R	4
PITTSBURGH, PENN	4
AJO, ARIZ	4
BERNE	4
LAKEWOOD, CO 	4
SŏUL	4
BISHOP, CA	4
NENDELN, LIECHTENSTEIN	4
1974	4
OAK RIDGE, TNESEE	4
ZHONGHUA MIN GUO TAIBEI SHI NAN'GANG	4
BAYRŪT	4
TILBURG	4
SEATTLE, WASH 	4
FORT BELVIOR, VA	4
SPRINGFIELD,VA	4
ABERDEEN	4
DOVER, NJ	4
FORT MEADE, MD	4
HANSCOM FIELD, MA	4
CINNCINNATI, OH	4
OTTAWA, ONTARIO	4
RIO PIEDRAS	4
DILIMAN, QUEZON CITY	4
BURLINGTON, ONT	4
URUGUAY	4
TEGUCIGALPA	4
BS AS IE BUENOS AIRES	4
MENDOZA	4
BOGOTÁ, COMBIA	4
SANTO DOMINGO, REPúBLICA DOMINICANA	4
SANTO DOMINGO, RD	4
COMMERCE CITY, CO	4
RIO DE JANEIRO, RJ, BRASIL	4
SAN SALVADOR, EL SALVADOR	4
NEW YORK CITY, NY	4
ROSSLYN, VA 	4
EL SEGUNDO, CA	4
EUGENE	4
KOBLENZ	4
FORT BRAGG	4
MASERU, LESOTHO	4
GREENWICH, CT	4
YOSEMITE NATIONAL PARK, CA	4
QUÉBEC	4
CONCORD, NH	4
成都	4
CHENGDU	4
BROWNING, MT	4
JERUSALEM, ISRAEL	4
WEST ORANGE, NEW YORK	3
MONROVIA	3
CAMEROON	3
M&#XFC;NCHEN	3
SWAZILAND	3
PEACH SPRINGS, ARIZ	3
LEGON	3
BARCELLOS	3
LOUVAIN-LA-NEUVE	3
TARSET ENGLAND	3
ʻAMMāN, AL-URDUN	3
MEXICO CITY	3
REYKJAVíK	3
AUGSBURG	3
MáLAGA	3
AHMEDABAD	3
WILSON DAM, ALA	3
HARWELL, ENG	3
BREMEN	3
GÖTTINGEN	3
WORCESTER	3
OVIEDO	3
COBLENZ	3
HULL, QUEBEC, CANADA	3
FREIBURG	3
COSTA RICA	3
NEW ROCHELLE, NY	3
MARSEILLE	3
RíO PIEDRAS	3
KIEL	3
SOUTH HADLEY, MA	3
IERUSALIM	3
LYON	3
MAINZ AM RHEIN	3
SALISBURY, RHODESIA	3
RIYADH	3
SAN JOSé DE COSTA RICA	3
PLEASANTON, CA	3
MENASHA, WI	3
WAHINGTON	3
SN	3
RANTOUL, IL	3
BOLT, BERANEK, AND NEWMAN	3
CHAMPAIGN ILL	3
COLORADO SPRINGS COLO	3
DOVER, NH	3
BOLLING AFB, WASHINGTON, DC	3
BLUE RIDGE SUMMIT, PA	3
SEAL BEACH, CA	3
MILLINGTON, TN	3
GATHERSBURG, MD	3
ALEXANDERIA, VA	3
FT BENJAMIN HARRISON, IN	3
WELLESLEY, MA	3
GLOUCESTER POINT, VA	3
BECKLEY, WVA	3
BEAVER, W, VA	3
RICHMOND 	3
<WASHINGTON, DC	3
WRIGHT-PATTERSON AIR FORCE BASE	3
ARNOLD AIR FORCE STATION, TN	3
WATERTOWN, MA	3
MONTOUR FALLS, NY	3
NOUMEA, NEW CALEDONIA	3
CAMARILLO, CA 	3
LAJOLLA, CA	3
GAITHERSBURY, MD	3
BOISE, ID 	3
COLUMBIA, MO 	3
BESSEMER, MI	3
IDAHO SPRINGS, CO 	3
FORT COLLINS, C0	3
IRVINE, CA	3
LEMONT III	3
HAGERSTOWN, MD	3
KING SALMON, AK	3
CLARKSBURG, WV	3
STROUD, GLOUCESTERSHIRE	3
DOUALA	3
DETROIT, MI	3
URBANA, IL 	3
PEMBROKE, NH 	3
MONTANA	3
JESSUP, MD 	3
HILL AFB, UT	3
VENTURA, CA 	3
MOOSE, WY	3
GERING, NE	3
HARTFORD, KS	3
MENLO PARK, CA 	3
CHEYENNE, WY 	3
SHEPHERDSTOWN, WV	3
NATIONAL TECHNICAL INFORMATION SERVICE	3
KIRTLAND AIR FORCE BASE, ALBUQUERQUE, NM	3
MANCHESTER, NH	3
FT GEORGE G MEADE, MD	3
MEXICO CITY, MEXICO	3
OFFUTT AFB, NE	3
CLEVELAND, OH 	3
PHILADELPHIA, PENN	3
DEKALB, IL	3
NEW MEXICO	3
OGEN, UT	3
UT	3
WILLIAMS, AZ	3
PRESCOTT, ARIZ	3
BEDFORD, IN	3
ELKINS, W, VA	3
SILVER CITY, NM	3
NORTH BEND, OR	3
BONNERS FERRY, ID	3
MOHAVE COUNTY, ARIZ	3
LANGLEY AIR FORCE BASE, VA	3
LONDON, UK	3
UKIAH, CA	3
ALTURAS, CA	3
SANTE FE, NM	3
CHALLIS, ID	3
EL CENTRO, CA	3
BUFFALO, WY	3
WASHIGNTON, DC	3
ROCKVILLE, MD, ETC	3
-- WASHINGTON	3
MOUNTAIN VIEW, CA	3
ALBUQUERQUE N M	3
EDGEWATER, MD	3
FT LAUDERDALE, FL	3
EDISON, NJ	3
NANCY	3
AMMAN	3
PORT LOUIS	3
NIAMEY	3
ATHēNA	3
RADNOR, PENNSYLVANIA	3
COLORADO, FORT COLLINS	3
MEMPHIS	3
CáDIZ	3
TAVARNUZZE 	3
HAWAII	3
NOUAKCHOTT	3
HEREFORD, TX	3
SAN DIEGO, CAIFORNIA	3
SYRACUSE, NEW YORK	3
KJøBENHAVN	3
CHAMPAIGN, IL 	3
HALLE, AS	3
STORRS	3
HARARE, ZIMBABWE	3
PARIZH	3
US GOVT PRINT OFF	3
RÍO PIEDRAS	3
WOODSTOCK, VT	3
PHOENIX, ARIZONA	3
MORAN, WY	3
VICTORIA, BC	3
PARK RIDGE, NJ	3
ZOMBA, MALAWI	3
ABUJA	3
BUCHAREST	3
TEHERAN	3
DHAKA	3
VICTORIA	3
THE HAGUE, THE NETHERLANDS	3
THE HAGUE, NETHERLANDS	3
MASERU	3
BERKELY, CA	3
ORONO	3
RIO DE JANEIRO, BRASIL	3
PERTH	3
BAMBERG	3
SPRINGFIELD, MA	3
RIO PIEDRAS, PUERTO RICO	3
STATE COLLEGE, PA	3
MORGANTOWN, WVA	3
BELGRADE, YUGOSLAVIA	3
TEHRAN	3
COOKEVILLE	3
DÜSSELDORF	3
ATHĒNAI	3
CAUSEWAY, ZIMBABWE	3
OTTAWA, ON	3
WOODBRIDGE	3
FLORENCE, MA	3
ROMA 	3
KAMPALA, UGANDA	3
DOVER, DE	3
CAMBRIDGE, ENGLAND	3
VICENZA	3
SANTIAGO DE CUBA	3
LEXINGTON, KY 	3
CATANIA	3
MONTPELLIER	3
WELLINGTON, NEW ZEALAND	3
SALEM, MA	3
DRESDEN	3
REGGIO EMILIA	3
EAST LINTON	3
RENNES	3
HUNTSVILLE, TX	3
ATHēNAI	3
SPAIN	3
NEW CASTLE, DEL	3
NIWOT, CO	3
PARMA	3
COMMACK, NY	3
UDINE	3
BIRMINGHAM	3
SECAUCUS, NJ	3
רמת־גן	3
GöPPINGEN	3
MAYAGüEZ, PR	3
NORWALK, CT	3
HEILBRONN	3
COLOGNE	3
长春市	3
CHANGCHUN SHI	3
BEIRUT	3
SHEFFIELD, ENGLAND	3
BALBOA HEIGHTS, CZ	3
PALMER, AK	3
STILLWATER	3
MONACO	3
ENTEBBE, UGANDA	3
MESSINA	3
HONGKONG	3
HIGASHIMURAYAMA	3
VALLADOLID	3
FORT WAINWRIGHT, AK	3
RANGOON	3
BULAWAYO	3
OXFORD UNIVERSITY PRESS	3
LUND	3
NANKING	3
FLORIDA	3
CAMBRIDGE, ENG	3
ZHONGHUA MIN GUO TAIBEI	3
北京市	3
BEIJING SHI	3
LA GRANGE, IL	3
BAYSIDE, NY	3
LAKE SUCCESS, NY	3
CUENCA	3
TORONTO, ONT	3
SOFII︠A︡	3
WOODBRIDGE, CT	3
RíO PIEDRAS, PUERTO RICO	3
GULFPORT, MS	3
1971	3
臺北南港	3
TAIBEI NAN'GANG	3
WOOSTER, OH	3
SARASOTA, FL	3
Санкт-Петербург	3
ZHONGHUA MINGUO TAIBEI SHI NAN'GANG	3
REINBEK BEI HAMBURG	3
RAMAT-GAN	3
KINGSTON, JAMAICA	3
HALIFAX, NS	3
HARTFORD CONN	3
GRAND FORKS, ND	3
WASINGTON, DC	3
AUCKLAND, NZ	3
ROCKVILE, MD	3
N PALM SPRINGS, CA	3
BOLLING AIR FORCE BASE, WASHINGTON, DC	3
EDMONTON, ALTA	3
A PARIS	3
POMONA, CA	3
SIOUX FALLS, SD	3
OLYMPIA	3
LINKöPING	3
ARGONNE, IL 	3
WATERLOO, ONT, CANADA	3
CLAREMONT, CA	3
香港	3
XIANGGANG	3
TURNHOUT, BELGIUM	3
CURITIBA	3
EL VEDADO, CIUDAD DE LA HABANA	3
Sℓ	3
MONTICELLO, IL	3
CÓRDOBA, ARGENTINA	3
GUANAJUATO	3
GUAYAQUIL	3
SALVADOR	3
SÃO PAULO, SP, BRASIL	3
LA PLATA	3
SPRINGFIELD, VA, DISTRIBUTED BY NATIONAL TECHNICAL INFORMATION SERVICE	3
RIO DE JANEIRO, BRAZIL	3
GRAND RAPIDS, MI	3
CUERNAVACA, MOR	3
CORONA, CA	3
CHARLOTTE AMALIE	3
HULL	3
WASHHINGTON IE WASHINGTON, DC	3
SAN BERNARDINO, CA	3
LOGROñO	3
CALGARY	3
WASHINTGON	3
ATLANTIC CITY, NJ	3
FORT MCCLELLAN, AL	3
GREELEY, CO	3
LOGAN	3
NEEDLES, CA	3
ANCON, CANAL ZONE	3
WASHIGTON, DC	3
1969	3
1964	3
MEDFORD, MA	3
NATCHITOCHES, LA	3
WOODBURY, NY	3
AALEN	3
URBANA ILL	3
ORLANDO	3
GREENPORT, NY	3
WASHNINGTON, DC	3
WEST ORANGE, NY	2
DUNEDIN, FL	2
BERKELEY-LIVERMORE, CA	2
ZOMBA, MALAŵI	2
N'DJAMENA	2
BANGUI	2
BANJUL	2
FREETOWN, SIERRA LEONE	2
HALIFAX	2
HOUGHTONMI	2
GARMISCH, GER	2
LUGDUNI BATAVORUM	2
SOLNA SWEDEN	2
ARGENTORATI	2
TOPSHAM, DEVON	2
TURIN	2
CAMPINAS, SP, BRASIL	2
TOPEKA	2
SOLOMONS, MD	2
DOVER	2
MALAYSIA	2
FORT LAUDERDALE, FL	2
HANCOCKMI	2
ST GALLEN	2
南港	2
NAN'GANG	2
KADUNA	2
ABERSYTWYTH	2
WOLFENBÜTTEL	2
AL-RIYĀḌ	2
CAMBRIDGE MASS	2
LE CAIRE	2
NORWICH, UK	2
ENGLAND	2
WEST PALM BEACH, FL	2
KIRKSVILLE, MO	2
CHARLESBOURG	2
اربد	2
IRBID	2
ASSEN	2
SCANDICCI 	2
BOGOTÁ, DC	2
ALDERSHOT, HAMPSHIRE	2
LANGRES	2
ENFIELD, NH	2
GHENT	2
ARLES	2
CHARTRES	2
EXETER, UK	2
MILLERTON, NY	2
SANKT AUGUSTIN	2
MANCHESTER, ENGLAND	2
FLORENCE, ITALY	2
DUBLIN IRELAND	2
IAȘI	2
MARIETTA, GA	2
FERROL	2
MáLAGA SPAIN	2
CUERNAVACA	2
HOUNDMILLS, BASINGSTOKE, HAMPSHIRE	2
SPOLETO 	2
PISCATAWAY, NEW JERSEY	2
ANCONA	2
BEʾER SHEVAʻ	2
ALDERSHOT, UK	2
PATNA	2
HUNTINGTON, NY	2
SIGMARINGEN	2
SAN MIGUEL DE TUCUMÁN	2
BAGHDAD	2
北京 ：	2
FOR SALE BY THE SUPT OF DOCS US GPO	2
中華民國台北	2
臺灣南港	2
TAIWAN NAN'GANG	2
METRO MANILA	2
LIèGE	2
HIGASHIMURAYAMA-SHI	2
SAULT STE MARIE, ONT	2
HARWELL, BERKSHIRE	2
NEWTON ABBOT	2
ROMAE	2
NORRIS	2
NOVI SAD	2
GAND	2
NOVATO, CA	2
RONCEVERTE, WV	2
KATHMANDU, NEPAL	2
SAINT PAUL	2
CONWAY, AR	2
KALAMAZOO	2
NAPLES	2
MARACAIBO	2
NAī DILLī	2
NORWOOD, MA	2
RAWALPINDI	2
HARRISBURG, PENNA	2
HULL, QUéBEC	2
GLAND, SWITZERLAND	2
HELSINKI 	2
FAENZA	2
HONOLULU, HAWAII 	2
KUWAIT	2
V BRATISLAVE	2
DIJON	2
HINGHAM, MA	2
ATLANTIC HIGHLANDS, NJ	2
NORTH POMFRET, VT	2
FOLCROFT, PA	2
VILLENEUVE-D'ASCQ	2
TALENCE	2
İSTANBUL	2
NEW HAVEN CONN	2
ONTARIO	2
LEóN	2
KIEV	2
NEUILLY-SUR-SEINE, FRANCE	2
NEUILLY SUR SEINE, FRANCE	2
ALBANY, NEW YORK	2
BEVERLY HILLS	2
SL, SN	2
KARACHI, PAKISTAN	2
CIUDAD TRUJILLO	2
KEW, ENG	2
SURBITON, ENG	2
SAN SEBASTIáN	2
WINONA, MN	2
PETERSBURG, VA	2
MANILA, PI	2
SAN JOSE	2
WILMINGTON, DELAWARE	2
NATIONAL TECHNICAL INFORMATION SERVICE DISTRIBUTOR	2
LIVERMORE	2
THOMASVILLE, GA	2
SI	2
SALISBURY, NC	2
EAST ST LOUIS, IL	2
MIDLANDMI	2
DISTRICT OF COLUMBIA	2
BROOKS AFB, TX	2
IRON MOUNTAINMI	2
HINES, IL	2
NEW DELHI, INDIA	2
PUNE, INDIA	2
PASADENA, CA 	2
PORT HUENEME, CA 	2
CAPE CANAVERNAL, FL	2
PLATTSBURGH AIR FORCE BASE, NY	2
VANDENBERG AIR FORCE BASE, CA	2
CHANUTE AIR FORCE BASE, IL	2
PENSACOLA, FLA 	2
FORT RUCKER, AL	2
FORT GILLEM FOREST PARK, GA	2
EMMITSBURG, MD 	2
-- ASHEVILLE, NC	2
COLORADO SPRINGS, CO 	2
BLUE RIDGE SUMMIT, PA 	2
HERNDON, VA 	2
OMAHA, NE 	2
FORT CAMPBELL, KY	2
FORT MCCOY, WI	2
YORKTOWN, VA	2
SHREVEPORT, LA 	2
SHREVEPORT, LA	2
DALTON, GA	2
TULLAHOMA, TN	2
JACKSON, TN	2
COLUMBUS, KY	2
PETERSBURG	2
AUGUSTA, MAINE	2
BISMARCK	2
TEANECK, NJ	2
YORK	2
BELMONT, MA	2
PINEVILLE, LA	2
IDAHO FALLS	2
WARRENTON, VA	2
HOLLOMAN AIR FORCE BASE, NEW MEXICO	2
FORT KNOX	2
GRIFFISS AIR FORCE BASE, NEW YORK	2
PARAMUS, NJ	2
COLLEGE	2
HOUSTON TEX	2
BLOOMFIELD, CT	2
HAMILTON	2
BRONX, NY	2
LIBBY, MT	2
NEW ORLEANS 	2
JUNEAU, AK 	2
BARROW, AK	2
FORT SNELLING, MN	2
JERSEY CITY, NJ	2
OAK RIDGE, TN)	2
NEW JERSEY	2
ABERDEEN, ID	2
DAVIS	2
VICKSBURG, MS 	2
CAMDEN, ME	2
REDONDO BEACH, CA	2
UPPER MARLBORO, MA	2
NEWPORT	2
WOODS HOLE, MA 	2
TIBURON, CA	2
MIAMI, FL 	2
NORTH CHARLESTON, SC	2
SAN BRUNO, CA	2
CHARLOTTEVILLE	2
EPHRATA	2
OAKTON, VA	2
ANNAPOLIS, MD 	2
JEFFERSONVILLE, IN	2
HOMESTEAD, FL	2
PRICE, UT 	2
OCCIDENTAL, CA	2
UNIVERSITY, MS	2
ROCKVILLE,MD	2
COLEHARBOR, ND	2
YUMA, AZ	2
BERGLAND, MI	2
LAGUNA NIGUEL, CA	2
0GDEN, UT	2
GATLINBURG, TN	2
CRESSON, PA	2
OAK PARK, IL	2
GLIDDEN, WI	2
ODGEN, UT 	2
NEW BERN, NC	2
OZARK, AR	2
LEWISTON, ID	2
WRANGELL, AK	2
STUTTGART, AR	2
KEARNEYVILLE, WV	2
MISSOULA, MO	2
CHENEY, WA 	2
DES MOINES, IA 	2
US DEPT OF AGRICULTURE, FOREST SERVICE, ENGINEERING STAFF	2
FORT COLLIINS, CO	2
0DGEN, UT	2
0GDEN, UT 	2
ASHVILLE, NC 	2
FT BELVOIR	2
DAUPHIN ISLAND, ALA	2
ALEXANDER, VA 	2
SEWARD, AK	2
SANTA CLARA, CA	2
ST LOUIS AFS, MO	2
BURBANK, CA	2
LANCASTER, PA	2
LA GRANGE PARK, IL	2
MARIETTA, OH	2
LANDOVER, MD	2
FAIRCHILD AIR FORCE BASE, WA	2
CHILOCCO, OK	2
PHG PITTSBURGH, PA	2
MORROW, GA	2
EL PORTAL, CA	2
MOUNT VERNON, NY	2
BEAVER, WVA	2
STARKVILLE, MS	2
OXFORD, MD	2
PITTSBURG, PA 	2
LANDOVER, MD 	2
SANTO DOMINGO, DR	2
LAS VEGAS, NV 	2
MACDILL AFB, FL	2
WOODBRIDGE, VA	2
MADISION, WI	2
TYNDALL AIR FORCE BASE, FL	2
RANCHO CORDOVA, CA	2
MAKATI CITY	2
NAPERVILLE, IL	2
MISSOURI	2
US AIR FORCE ACADEMY, CO	2
NEWTON SQUARE, PA 	2
EARTH SCIENCE INFORMATION CENTER, OPEN-FILE REPORTS SECTION DISTRIBUTOR	2
LOUISVILLE, KY 	2
BATON ROUGE, LOUISIANA	2
MIDDLETON, WI 	2
TACOMA, WASH 	2
MONTGOMERY, ALABAMA	2
SPRINGDALE, UT	2
LIVERPOOL, NY	2
HUNTSVILLE	2
PETERSBURG, AK	2
FORT DAVIS, TX	2
NEWPORT, OR	2
HINSDALE, IL	2
WILLCOX, ARIZ	2
CAVE JUNCTION, OR	2
CHENEY, WA	2
GAITHERSBUERG, MD	2
TUSCARORA, NV	2
260 WASHINGTON	2
EGLIN AFB, FL	2
DESPLAINES, IL 	2
SAIPAN	2
KALISPELL, MT	2
PHILADEPHIA, PA 	2
HILL AFB, UT 	2
MONTEREY, CA 	2
BARABOO, WI	2
BRNO	2
LOS ANGELES, CAL	2
NENDELN	2
ANNAPOLIS JUNCTION, MD	2
PATRICK AIR FORCE BASE, FL	2
HARPER'S FERRY, W, VA	2
SPRINFGIELD, VA	2
MCALESTER, OK	2
PIERRE, SD 	2
PASCAGOULA, MS	2
FORT BENJAMIN, IN	2
LOS ALTOS, CA	2
ANDREWS AIR FORCE BASE, DC	2
GOLDEN COLO	2
BURLEY, ID 	2
COTTONWOOD, ID	2
GRANGEVILLE, ID	2
FORT HUMPHREYS, VA	2
SPARKS, NV	2
NARROWSBURG, NY	2
IDAHO	2
GOLETA, CA	2
CLEVELAND, TN	2
DILLON, MT	2
FORT LEWIS, WA	2
ROBINS AIR FORCE BASE, GA	2
ROSEBURG, OR 	2
ANDREWS AFB, DC	2
CROWNPOINT, NM	2
ASPEN, CO	2
BOSTON, MA 	2
PORT HUENEME	2
HYATTSVILLE, MARYLAND	2
UPTON, NEW YORK	2
COLLEGE, AK	2
CANON CITY, CO	2
ISMAILIA, EGYPT	2
SAUGATUCK, CT	2
FT LESLEY J MCNAIR, WASHINGTON, DC	2
PHOENIX ARIZ	2
PULLMAN	2
CORVALLIS, OR 	2
CRANE, IN	2
VALLEY FORGE, PA	2
FORT DETRICK, MD	2
HYDERABAD	2
MONTCLAIR, NJ	2
WEST BRANCH, IOWA	2
NEW ORLEANS, LOUISIANA	2
HYATTSVILLE, MD ETC	2
中華民國臺北市	2
ZHONGHUA MIN GUO TAIBEI SHI	2
NICOSIA, CYPRUS	2
CHELSEAMI	2
GRIFFIS AIR FORCE BASE, NY	2
HYATSVILLE, MD	2
HARMON-ON-HUDSON	2
STANFORD	2
BETHESADA, MD	2
SPRINGFIELD, V	2
NEW YORK ETC	2
AUSTIN 	2
ARLINTON, VA	2
REDLANDS, CA	2
NOVARA	2
DC	2
STPAUL, MN	2
STPAUL	2
GREENVILLE, NC	2
BANGUI, CENTRAL AFRICAN REPUBLIC	2
PHILADELPIA	2
MANNHEIM	2
COIMBRA	2
ANNAPOLIS, MARYLAND	2
NEVADA CITY, CA	2
PARYŻ	2
ADELAIDE	2
DOVER, DEL	2
PESCARA	2
ORCHARD PARK, NY	2
ORLéANS	2
HILLSDALE, NJ	2
LAWRENCEVILLE, NJ	2
WINONA LAKE, IN	2
LA GRANDE, OR	2
KRAKOW	2
BRESCIA	2
CINISELLO BALSAMO	2
Београд	2
PULLMAN, WA	2
ROCKVILLE, MD, US DEPT OF HEALTH, EDUCATION AND WELFARE, PUBLIC HEALTH SERVICE, ALCOHOL, DRUG ABUSE, AND MENTAL HEALTH ADMINISTRATION	2
LONDRES	2
NORWOOD, PA	2
EMMAUS, PA	2
MEDIOLANI	2
PIKETON, OH	2
MARYLAND	2
GUAYAQUIL, ECUADOR	2
UTRECHT	2
BERLIN 	2
MENOMONIE, WI	2
BASILEAE	2
FORT MYER, VA	2
BELLEVUE, WA	2
GREIFSWALD	2
VAN NUYS, CA	2
MARINE CORPS BASE, QUANTICO, VA	2
BECKLEY, W VA 	2
ABERYSTWYTH	2
ASHLEY	2
NEW ORLEANS, ETC	2
BRASÍLIA, BRAZIL	2
NASIK	2
TEL AVIV-YAFO	2
OTTAWA, ONT, CANADA	2
ROTTERDAM	2
ACCRA-TEMA, GHANA	2
KATHMANDU	2
KAAPSTAD	2
FRANCE	2
BURKINA FASO	2
PORT LOUIS, MAURITIUS	2
LILONGWE	2
BAHRAIN	2
MALI	2
LAGOS, NIGERIA	2
OCEAN SPRINGS, MS	2
MUSCLE SHOALS, AL	2
BONNEVILLE, OR	2
FRANKFURT 	2
KANSAS CITY, MO USA	2
SIMLA	2
CROWTHORNE, ENGLAND	2
ALLAHABAD	2
KINGSTON, NY	2
COLLEGE, LAGUNA, PHILIPPINES	2
PLACERVILLE, CA	2
DURBAN	2
NATICK	2
SANTO DOMINGO, DOMINICAN REPUBLIC	2
CINCINNATI 	2
TOURS	2
OSAKA, JAPAN	2
ALCALÁ DE HENARES	2
GÜTERSLOH	2
POITIERS	2
STATE COLLEGE, MS	2
KYOTO, JAPAN	2
厦门	2
XIAMEN	2
MELBOURNE, FL	2
FARNHAM ROYAL, BUCKS, ENG	2
NAPOLI 	2
EN ATHēNAIS	2
APO SAN FRANCISCO	2
ADDIS ABEBA, ETHIOPIA	2
ST PAUL}	2
BLOOMINGTON, MN	2
GLADSTONE, OR	2
LACONIA, NH	2
GRAND RAPIDS, MN	2
INDONESIA	2
DITZINGEN	2
OXONII	2
PRETORIA 	2
REYKJAVÍK, ICELAND	2
REYKJAVÍK	2
WEIN	2
STATE COLLEGE	2
METZ	2
'S GRAVENHAGE	2
UNIVERSITY	2
RIGA	2
SUVA, FIJI	2
GARSTON, WATFORD	2
ASHKHABAD	2
LAHORE, PAKISTAN	2
LITTLE ROCK, ARK 	2
KYÏV	2
RAMLAH	2
PESSAC	2
LEOMINSTER	2
NEWBURYPORT	2
WAGENINGEN	2
NEW DEHLI	2
LJUBLJANA	2
ARRAS	2
ELIZABETH, NJ	2
MALDEN, MA	2
CITTá DEL VATICANO	2
BIARRITZ	2
POTOMAC, MD	2
COSENZA	2
KLAGENFURT	2
OXFORD, ENGLAND	2
SAINT-PIERRE-DU-MONT, FRANCE	2
MURI BEI BERN	2
HARLOW	2
ALDERSHOT, HAMPSHIRE, ENGLAND	2
HAUPPAUGE, NY	2
FIESOLE 	2
BERGAMO	2
SAN LORENZO DEL ESCORIAL, MADRID	2
TALLINN	2
SCRANTON, PA	2
GIESSEN	2
SUCRE, BOLIVIA	2
MAGDEBURG	2
SAINT-GENOUPH	2
MADRID, SPAIN	2
LENOX, MA	2
ALMERíA	2
LONDYN	2
RZESZóW	2
SEYSSEL	2
BARCELONA, ESPAñA	2
ASSISI 	2
FLUSHING, NY	2
MANZIANA 	2
ZWOLLE	2
THRUPP, STROUD, GLOUCESTERSHIRE	2
ALICANTE	2
BRIDGEND, WALES	2
COLD SPRING HARBOR, NY	2
SELINSGROVE, PA	2
LILIENTHAL/BREMEN	2
COL DEL VALLE, MéXICO, DF	2
NEWCASTLE UPON TYNE	2
SPOLETO	2
TORUń	2
LIVINGSTON, ALA	2
HARLOW, ESSEX, ENGLAND	2
BROOKFIELD USA	2
ABILENE, TX	2
CRAIGAVAD, COUNTY DOWN, NORTHERN IRELAND	2
PAMPLONA	2
BOSTON 	2
GARDEN CITY, KS	2
LEIDEN, NETHERLANDS	2
GREENSBORO, NC 	2
TUTZING	2
COLLEGEVILLE, MN	2
دمشق	2
DIMASHQ	2
RAMAT GAN	2
חיפה	2
ḤEFAH	2
بيروت ، لبنان	2
COPENHAGEN, DENMARK	2
PLANO, TX	2
ELMHURST, IL	2
NEUSTADT	2
HOLZGERLINGEN	2
GÖTEBORG	2
ABERDEEN, SD	2
ANKARA, TURKEY	2
UPPSALA, SWEDEN	2
VIENNA, AUSTRIA	2
QUEZON CITY, PHILIPPINES	2
YPSILANTIMI	2
SANTA ANA, CA	2
DEBRECEN	2
東京都三鷹市	2
TōKYō-TO MITAKA-SHI	2
SUDBURY, ONT	2
KRUNG THēP	2
BETHEDSA, MD	2
哈尔滨市	2
HA'ERBIN SHI	2
BEVERLY HILLS, CA	2
WOLFENBüTTEL	2
CANTON	2
SHANGHAI 	2
TUBINGAE	2
PORT TOWNSEND, WA	2
TORONTO, CANADA	2
PHNOM-PENH	2
U S	2
SPOKANE	2
SAN MARINO, CA	2
KABUL	2
W KRAKOWIE	2
FRAUENFELD	2
SOUTH HACKENSACK, NJ	2
RUTLAND	2
SAINT LOUIS	2
JACKASS FLATS, NV	2
CULVER CITY, CA	2
MURCIA	2
PETROPOLI	2
HARMONDSWORTH, ENG	2
LOUISVILLE, KENTUCKY	2
BRISBANE	2
PITTSFIELD, MA	2
CALDWELL, ID	2
LIMOGES	2
ANNADALE, VA	2
WAHSINGTON	2
AND LONDON	2
BUCURESTI	2
YELLOWSTONE PARK, WY	2
MASSENA, NY	2
ANNANDALE, VA	2
ADLISWIL/ZüRICH	2
SRI LANKA	2
ATHENAI	2
ZHONGHUA MINGUO TAIBEI	2
HUELVA	2
VICKSBURG MISS	2
SAN JOSE, COSTA RICA	2
DES MOINES, IA	2
2000	2
FORT STEWART, GA	2
GUAM	2
FT RILEY, KS	2
1972	2
TOPEKA, KSS	2
ATHENS, GA 	2
BROWNING, MT 	2
لاهور	2
PORT-AU-PRINCE, HAïTI	2
BAYSIDE, NEW YORK	2
WEST LOS ANGELES, CA	2
WASH,DC	2
FT SHAFTER, HAWAII	2
TUBINGEN	2
MEDFORD, NJ	2
BOZEN	2
STONY CREEK, CT	2
BROOKLINE, MA	2
MORRISTOWN, NJ	2
AUGUSTA, GA	2
MIDDLETOWN, CT	2
WATERLOO, IOWA	2
東京都	2
NORTH CHICAGO, IL 	2
PARAMARIBO	2
ANDOVER, MA	2
TAIPEI, TAIWAN	2
WHITE SANDS MISSILE RANGE, NEW MEXICO	2
HARMONDSWOTH	2
HEILBRONN, GERMANY	2
FOR SALE BY THE US GPO, SUPT OF DOCS, CONGRESSIONAL SALES OFFICE	2
ABERDEEN PROVING GROUNDS, MD	2
HACKENSACK, NJ	2
PARK RIDGE, IL	2
BETHSDA, MD	2
HANFORD, WA	2
ADA, OKLA 	2
SPRINGFIELD, IL 	2
NOGALES, ARIZ	2
STEILACOOM, WA	2
LA MOLINA PERÚ	2
BOGOTÁ, DE	2
PORT OF SPAIN	2
PORT-AU-PRINCE, HAITI	2
CHILE	2
DAR ES SALAAM, TANZANIA	2
CROWTHORNE, BERK	2
HULL, QUE	2
VINTON, VA	2
CREMONA	2
SPRINGFILD, VA	2
CINCINNATTI, OH	2
CHARLOTTE AMALIE, VI	2
PUEBLA, PUE	2
MEDELLÍN, COMBIA	2
TEXAS	2
CÓRDOBA	2
HATO REY, PUERTO RICO	2
REPÚBLICA DOMINICANA	2
SAN JOSÉ, CR	2
SÃO PAULO, BRAZIL	2
CUENCA, ECUADOR	2
ZINACANTEPEC, MÉXICO	2
SãO PAULO, SP, BRASIL	2
MIAMI, FLA 	2
MANAUS	2
GUATEMALA, CENTRO AMÉRICA	2
SANTA FE, ARGENTINA	2
PUEBLA, PUEBLA	2
BENIN CITY	2
LOVELAND, CO	2
BRAZIL	2
NOTRE DAME	2
GENESEO, NY	2
BOGOTA, COMBIA	2
ROSARIO	2
TOLUCA, ESTADO DE MéXICO	2
TUCUMÁN	2
MORGANTOWN	2
GREEN BANK, W, VA	2
MONROEVILLE, PA	2
WINNIPEG	2
JULY 2007	2
SASSARI	2
VICTORIA, SEYCHELLES	2
KIGALI, RWANDA	2
URBANA-CHAMPAIGN	2
KANSAS CITY, KS	2
BELLEVILLE, IL	2
WALDPORT, OR	2
HUNTINGTON, WV	2
MECHANICSBURG, PA	2
SIOUX CITY, IOWA	2
BALTIMORE, MARYLAND	2
EL SALVADOR, CA	2
PRINCETON, NEW JERSEY	2
PITTSBURGH, PENNSYLVANIA	2
LONG ISLAND CITY, NEW YORK	2
FOGGIA	2
UNITED STATES 	2
ST ANDREWS, NB	2
FRANKFORT	2
ALDERSHOT, HAMPSHIRE, GREAT BRITAIN	2
OPOLE	2
KANSAS CITY, MSOURI	2
BENARES	2
BELFAST IRE	2
1948	2
ROSARIO, ARGENTINA	2
1959	2
PRETORIA, SOUTH AFRICA	2
WESTPORT	2
FREDERICK, MD, ETC	2
ALEXANDRIA, VA, ETC	2
DIXON, CA	2
QUANTICO, VA 	2
YELLOWSTONE NATIONAL PARK	2
PERRY POINT, MD	2
FRESNO	2
LOGAN, UT 	2
TONAWANDA, NY	1
عمان، الأردن	1
GURGAON, HARYANA	1
JULY 1954	1
JOHNSON, VT	1
CÁDIZ	1
PACIFIC GROVE	1
VASHINGTON	1
NEW CASTLE, IN	1
PLATTEVILLE	1
DEDHAM, MA	1
ANACOSTIA	1
BOISE, IDA	1
1939	1
NP, ND	1
LAVAL, QUEBEC	1
NUKUALOFA	1
KAZAN'	1
US FOREST SERVICE, NORTHEASTERN AREA, STATE AND PRIVATE FORESTRY	1
FAYETTEVILLE, NC	1
1928	1
ST LOUIS, MO, AND	1
TONTO BASIN, ARIZ	1
COLUMBIA FALLS, MT	1
LONDON, ETC	1
BOMBAY, NEW YORK	1
VANCOUVER, WA 	1
LEEDS, ENGLAND	1
PANAMÁ, R DE P	1
KINGSTON, MA	1
ONTARIO, CANADA	1
'S GRAVENHAGE EN TE AMSTERDAM	1
DC 	1
"OAK RIDGE, TN	1
-	1
ẄASHINGTON̈	1
BRUSSELLES	1
BABSON PARK, MA	1
MANSFIELD CENTRE, CT	1
TOURNAI	1
FORT BUCHANAN, PR	1
VICKSBURG, MSIPPIPPI	1
MITCHELL, SD	1
VICKSBURG, MSISSIPP	1
VICKSBURG, MSMISSISSIPPI	1
SANDIA NATIONAL LABORATORIES	1
BAYREUTH, GERMANY	1
ABERDEEN, MARYLAND	1
SEYMOUR, CONNECTICUT ; ASHTABULA, OH	1
À PARIS	1
RUSSE	1
I MBAILE ÁṫA CLIAṫ	1
ALIGARH	1
HALLE A/S	1
LEIPSIC	1
UTICA	1
STUTTGART UND LEIPZIG	1
MUSCOGEE, INDIAN TERRITORY	1
LUGANO	1
PRAG	1
SAN JOS©ØE, CA	1
KALIKĀTĀ	1
UPSALA	1
FRIBURGO 	1
MATANZAS, CUBA	1
LOVERE	1
HE KIEN FOU	1
ORANGE, MA	1
PUTNAM, CT	1
SALA BOLOGENSE 	1
INGOLSTADII	1
RUŽOMBEROK	1
BANBURY	1
AMSTELAEDAMI	1
BATH	1
SEBELE, BOTSWANA	1
HARVE MONT	1
FARGO	1
LEIPZIG U	1
CODICOTE, HERTS	1
LEHRE	1
LUTETIAE	1
HERMANNSTADT	1
SEYCHELLES	1
PIETERMARITZBURG, REPUBLIC OF SOUTH AFRICA	1
GAINESVILLE, UNIV OF FLORIDA	1
EALING, ENG	1
MANCHESTER 	1
SL6	1
YERUSAGHēM	1
BALBOA HEIGHTS, PANAMA	1
WILMINGTON ISLAND, GA	1
FRANKFURT AM MAYN	1
PORVOOSSA	1
TROWBRIDGE	1
BEAULIEU	1
VE VIDNI	1
BELLEVILLE, ONT	1
WAUSAU, WI	1
SCOTTSDALE, ARIZ	1
COOKEVILLE, TN	1
TRURO	1
NEW YORK AND ALBANY	1
LÉVIS	1
GUADALAJARA, MÉXICO	1
FREYBURG	1
SPRINGFIELD, VA 2215	1
CRAWLEY, WA	1
LOURENÇO MARQUES	1
POCATELLO	1
CORAL GABLES	1
ORANO	1
BOUHAM, TX	1
ARLINGTOBN, VA	1
WRIGHT PATTERSON AIR FORCE BASE	1
EGLIN AIR FORCE BASE	1
--WASHINGTON	1
US COAST GUARD	1
WESTMINSTER	1
CINCINNATI,OH	1
STORRS CONN	1
BROOKS AIR FORCE BASE	1
HOLMES BEACH, FL	1
ASHLEY, OH	1
MANITOWOC, WI	1
NAPLES, NY	1
MICHIGAN	1
OKLAHOMA CITY, OKLA 	1
SAN FRANCSICO	1
MARQUETTE, MI	1
HAMILTON, MT	1
KINGSTON, RHODE ISLAND	1
XALAPA	1
BELGRAD	1
PORT MORESBY, TERRITORY OF PAPUA NEW GUINEA	1
NÜRNBERG	1
LEBANON, NJ	1
ANVERS	1
GAINESVILLE, FLA 	1
SANTO DOMINGO, RÉPUBLICA DOMINICANA	1
IMO STATE	1
CAUSEWAY, HARARE	1
OKAHANDJA, NAMIBIA	1
MAURITIUS	1
YAOUNDé, RéPUBLIC OF CAMEROON	1
BISHOPS STORTFORD 	1
LUANDA, ANGOLA	1
GIBRALTAR	1
UNGUWAR ROGO, NIGERIA	1
KINSHASA, ZAIRE	1
VIENTIANE, LAO PDR	1
THIMPHU	1
MONTROUGE	1
BAMAKO, MALI	1
ALGUEIRãO	1
RIO DE JANEIRO, GB	1
GENEVE	1
SIERRA LEONE	1
VIENTIANE, LAOS	1
VīANGCHAN	1
AKURE ONDO STATE, NIGERIA	1
SELIBE PHIKWE, BOTSWANA	1
ABUJA NIGERIA	1
CAMBERRA	1
CALLAO-PERú	1
IKOYI-LAGOS, NIGERIA	1
SWEDEN	1
ZIMBABWE	1
ETHIOPIA	1
CHRISTCHURCH, HAMPSHIRE, ENGLAND	1
BUEA	1
KåO̜THåO̜MåO̜ IE KRUNG THēP MAHā NAKHON	1
NAGOYA, JAPAN	1
BRAZZAVILLE, CONGO	1
DAKAR, SéNéGAL	1
DAKAR SENEGAL	1
CAIRE	1
ROSE HILL, MAURITIUS	1
TAIPEI, TAIWAN, THE REPUBLIC OF CHINA	1
RABAT, MOROCCO	1
CHRISTCHURCH, ENG	1
CANNES	1
HKI	1
REGINA	1
CARACUS	1
FADA N'GOURMA	1
TRIPOLI	1
DOORNFONTEIN, JOHANNESBURG	1
GOBABIS	1
BRUSSEL	1
LéOPOLDVILLE-KALINA	1
FORT-LAMY	1
CôTE D'IVOIRE	1
ACCRA, GOLD COAST	1
LIBREVILLE GABON	1
ASUNCIóN	1
VINCENNES	1
BARKING, ESSEX, UK	1
PISA 	1
KANIFING, BANJUL, GAMBIA	1
MUSKOGEE	1
BOGGY DEPOT	1
CAUSEWAY, RHODESIA	1
HONOLULU, OAHU	1
LANCASTER, ENGLAND	1
HERFORD GERMANY	1
WORMS	1
LWOW	1
TAKOMA	1
YELLOWKNIFE, NT	1
LARAMIE, WY, UNIV OF WYOMING	1
ALBUQUEQUE, NM	1
CHIMALISTAC, DF MEXICO	1
MERRICK, NY	1
HANNOVER GERMANY	1
BONN-BAD GODESBERG	1
JERSUALEM	1
VéSENAZ PRèS GENèVE	1
BOWIE, MD	1
GUILFORD, CT	1
TOPEKA, KS 	1
FARNHAM HOUSE, FARNHAM ROYAL, SLOUGH	1
SANTANDER SPAIN	1
SANDY HOOK, NJ	1
SCRANTON	1
KAZANʹ	1
WERL IM WESTF	1
RUGBY	1
DUNDEE	1
ERLANGAE	1
LUGDUNI-BATAVORUM	1
PORVOO	1
LAKE OZARK, MO	1
KöNIGSBERG, PR	1
PROVIDENCE, RHODE ISLAND	1
GARMISCH-PARTENKIRCHEN	1
BEOGRAD, JUGOSLAVIA	1
NEW-HAVEN	1
BAD GODESBERG	1
EVANDALE, OH	1
NYACK, NY	1
KB̜ENHAVN	1
BRISTOL, ENGLAND	1
AUCKLAND	1
TōKYō-TO	1
LES ULIS, FRANCE	1
LUZERNE COUNTY, PA	1
重庆北碚	1
CHONGQING BEIPEI	1
PINNER, ENG	1
WEYBRIDGE ENG	1
BOSTON  	1
KÜRTEN, GERMANY	1
THUN, SWITZERLAND	1
KONSTANZ AM BODENSEE	1
大阪	1
ŌSAKA	1
PACIFIC GROVE, CA	1
WATERTOWN, NY	1
GREENFIELD, MA	1
AKUREYRI, ICELAND	1
TURKU	1
WOKINGHAM, BERKSHIRE, ENGLAND	1
TURRIALBA, COSTA RICA	1
ALBANIA	1
ST HELIER, JERSEY, UK	1
SURREY, BC	1
BLAINE, WA	1
FAR SAWREY, AMBLESIDE, CUMBRIA, UK	1
FORT WORTH, TX 	1
READING, BERKS	1
RUGBY, UK	1
OOSTERHOUST NB, NETHERLANDS	1
ROCKVILLE CENTRE, NY	1
SCEAUX	1
READING, BERKSHIRE	1
CALI, COMBIA	1
PESHAWAR	1
BERKLEY	1
SUWON, KOREA	1
TAIPEI TAIWAN	1
MESA, ARIZ	1
MARTINSVILLE, IN	1
CORAL GABLES FLA	1
LAFEYETTE IND	1
DANVILLE, IL	1
KARLSRUHE	1
PHILIADELPHIA, PA	1
FALUN SWEDEN	1
À PARIS ET À LONDRES	1
LEIPZIG-R	1
MONTEREY	1
BARCARENA	1
那覇市	1
NAHA-SHI	1
ALMOND, NY	1
WURZEN	1
SHARON, MA	1
BRYN MAWR	1
NAUMBURG, AS	1
LIPSIAE IE LEIPZIG	1
PARISIIS	1
DUBLIN AND LONDON	1
AACHEN	1
AUGUSTA, ME 	1
BOROUGH GREEN, KENT	1
KØBENHAVN	1
LONDON, PRINTED	1
ORICK, CA	1
S'GRAVENHAGE 	1
ROUEN, FRANCE	1
NJ	1
NORTHAMPTON, PA	1
KENT'S HILL, ME	1
MATERA	1
AUBURN	1
MAYAGUEZ	1
AMHERST,MASS	1
LOMÉ	1
NEUMÜNSTER	1
OSTFILDERN	1
LONG BEACH	1
BOCHUM	1
NORTH  POMFRET, VT	1
ERFURT	1
SãO CARLOS, SP, BRASIL	1
MADRID, ESPAÑA	1
GREEN BANK WVA	1
GIUNTI	1
TRENTON, J L MURPHY PUB, CO	1
WASHSHIGTON	1
BAILE ÁTHA CLIATH IRE	1
天津市	1
TʻIAN-JIN SHI	1
ANCOURAGE, AK	1
NEPTUNE, NJ	1
ELMSFORD, NY	1
SAUTEE-NACOOCHEE, GA	1
NOUVELLE-YORK	1
RALEIGH, NC 	1
ḤALAB	1
GRANITE CITY, IL	1
KRUNGTHēP	1
BÂLE	1
DUNDALK, CO LOUTH, IRELAND	1
ST LUCIA	1
UNIVERSITY, ALABAMA	1
MéXICO CITY	1
OKHLA, DELHI	1
WERTHEIM AM MAIN	1
ROSTOCK I M	1
BORNA-LEIPZIG	1
TROGEN	1
AFFOLTERN AM ALBIS	1
MALARCE 	1
RIYAD	1
UMEå	1
RICHLANDS, WA	1
부산시	1
PUSAN-SI	1
BLACKSBURG	1
PEST	1
OLDENBURG 	1
WISMAR I MECKL	1
HULL, QUÉBEC	1
ANTWERP	1
AND NEW YORK	1
NEU-ULM	1
MANTOVA	1
SAINT-BENOIT-DU-SAULT	1
SOLIGNAC	1
ST IVES, CORNWALL	1
Hà NộI	1
RACINE, WI	1
REPUBLIC, MO	1
CHELTENHAM	1
'S-GRAVENHAGE NETHERLANDS	1
TWIN CITIES SIC, MN	1
CAROLINA, PR	1
VEGA ALTA, PR	1
FALMER	1
BEAVERTON, OR	1
MOORHEAD, MN	1
ROCKVILLE, M	1
RÍO PIEDRAS, SAN JUAN, PR	1
LONDINI	1
ST PAUL 1, MN	1
BLADENSBURG, MD	1
RIó PIEDRAS, PR	1
YOKOHAMA	1
RÍO PIEDRAS, PUERTO RICO	1
ST PAUL MINN 	1
BILLING, MT	1
RIO PIEDRAS, SAN JUAN, PR	1
SAN DIMAS	1
DURHAN, NH	1
OMAHA NEB	1
CUZCO, PERÚ	1
COEUR D'ALENE	1
MINN	1
COCHABAMBA	1
KÖLN)	1
FLAGSTAFF	1
SANTA MONICA, CA 	1
MONTEREY, CAL	1
FORTALEZA, CEARÁ	1
BASINGSTOKE ENGLAND	1
CAPE TOWN, SOUTH AFRICA	1
MADRID SPAIN	1
BELMOPAN, BELIZE	1
TŌKYŌ-TO MITAKA-SHI	1
BARRANQUILLA	1
CAXIAS DO SUL, RS, BRASIL	1
LIÈGE	1
KWA-DLANGEZWA	1
SCOTTDALE, PA	1
DORSET, VT	1
SAINT-CLÉMENT DE RIVIÈRE	1
LOUVAIN-LA-NEUVE BELGIUM	1
MACEIÓ, BRAZIL	1
BUCKINGHAM	1
LUGANO, SWITZERLAND	1
LONG BEACH, MS	1
CHANTILLY, VA 	1
ANDRAKO, OK	1
BETHESDA, MD, US NATIONAL LIBRARY OF MEDICINE	1
GROSSE POINTEMI	1
FORT MONMOUTH	1
GENT	1
ÎLES-DE-LA-MADELEINE, QUEBEC	1
WHEATON, IL	1
SANKT PETERBURG	1
NOTTINGHAM, ENGLAND	1
KINGSTON, ONTARIO	1
ULM/DONAU	1
ST AUGUSTINE, FL	1
KIRKLAND, ONTARIO	1
MILTON KEYNES	1
RECIFE BRAZIL	1
广州	1
GUANGZHOU	1
LʹVOV	1
CYNTHIANA, KY	1
UMEÅ	1
MONTRÉAL, QC, CANADA	1
CAJAMARCA, PERÚ	1
SAN PEDRO DE MACORÍS, RD	1
FREIBURG, SCHWEIZ	1
DISTRIBUTED IN THE USA BY DUFOUR EDITIONS INC	1
HÀ-NÔI	1
Берлинъ	1
TRENTON, NEW JERSEY	1
LARAMIE WYO	1
ä¸­è¯æ°åèºå	1
BAHIA BLANCA, ARGENTINE REPUBLIC	1
DRESDEN UND LEIPZIG	1
REIGATE	1
MORELIAMI	1
AARAU	1
CHILOCCO, OKL, PRINTING DEPT	1
士林	1
SHILIN	1
WARSZAWA POLAND	1
MELBOURNE, AUSTRALIA	1
CATANIA, ITALY	1
SUVA	1
MÁLAGA	1
KALININ	1
BETHESDA, MD; FOR SALE BY THE SUPT OF DOCS, U S GOVT PRINT OFF	1
BRASÍLIA-DF	1
MELLE	1
BAILE-ÁṪA-CLIAṪ	1
VÄSTERÅS	1
BHUBANESWAR	1
Ленинград	1
WERDER, AH	1
PRILEP	1
BUDAPESTEN	1
FORTALEZA, BRAZIL	1
TORUŃ	1
GREAT BRITAIN	1
BARRYTOWN, NY	1
WERL, WESTFALEN	1
ALDERSHOT ENGLAND	1
YAD-ELIYAHU	1
CARLISLE, CUMBRIA	1
PARDES ḤANAH	1
N'DJAMÉNA	1
SALZBURG, AUSTRIA	1
경기도 고양시	1
KYŏNGGI-DO KOYANG-SI	1
الدار البيضاء	1
AL-DāR AL-BAYḍāʼ	1
CHATOU	1
FOR SALE BY THE GOVT PRINT OFF	1
DAMASCUS	1
MOSES LAKE, WA	1
COL DEL VALLE, MÉXICO, DF	1
ST GALL	1
LONDON, PORTLAND, OR	1
RIVERTON, NJ	1
HSIEN-HSIEN	1
WARRIORS MARK, PA 	1
NOBLESVILLE, IN	1
ASELLA	1
NEWBERRY, SC	1
BARQUISIMETO, VENEZUELA	1
BELÉM	1
ROMA, LESOTHO	1
PETERSBERG	1
मुंबई	1
MUMBAī	1
TAMPA	1
POUGHKEEPSIE, NY	1
BASINGSTOKE	1
COMITé DES TRAVAUX HISTORIQUES ET SCIENTIFIQUES	1
NEWCASTLE-UPON-TYNE	1
CULIACáN ROSALES	1
GUADALAJARA, JALISCO, MéXICO	1
COLOMBO, SRI LANKA	1
PENANG, MALAYSIA	1
HYDERABAD, INDIA	1
MORELIAMIOACáN MéXICO	1
KOL̇AMḃA	1
-- ATLANTA	1
WACO, TX	1
JAéN	1
تونس	1
TūNIS	1
Пермь	1
PERMʹ	1
PENNGROVE, CA	1
BRIDGEND	1
באר שבע	1
TIVOLI 	1
PORTAND, OR	1
CAYENNE	1
SIRACUSA	1
RICCò DI FORNOVO DI TARO 	1
BIGGLESWADE	1
TRICESIMO 	1
GUADALAJARA, JALISCO	1
EASTHAMPTON, MA	1
TURNHOUT BELGIUM	1
CARDIGAN	1
CÓRDOBA SPAIN	1
UNIVERSITY OF OREGON, EUGENE, OR	1
SANDPOINT, ID	1
LEÓN, NICARAGUA	1
OSTIA	1
KANDY, SRI LANKA	1
SANTIAGO DE COMPOSTELA	1
ZUG, SCHWEIZ	1
DEHRA DUN INDIA	1
CALGARY, ALTA	1
ALDERSHOT, HANTS, ENGLAND ; BURLINGTON, VT	1
SPRINGE	1
NUEVA GUATEMALA DE LA ASUNCIÓN	1
STUTTGART-BAD CANNSTATT	1
ACQUI TERME 	1
CLIFFS OF MOHER, COUNTY CLARE, IRELAND	1
CALI, COLUMBIA	1
WUPPERTAL	1
DUBOIS, PA	1
COHASSET, CA	1
SOVERIA MANNELLI	1
BELO HORIZONTE BRAZIL	1
BROOKFIELD, VT, US	1
MOUNT PLEASANT, HARARE, ZIMBABWE	1
ADDIS ABABA 	1
ISERLOHN	1
PETERBOROUGH	1
BALTIMORE, SSHA	1
KRIENS	1
HUDDINGE SWEDEN	1
VEDADO, LA HABANA	1
SCANDICCI, FIRENZE	1
CRANS MONTANA, SWITZERLAND	1
DURHAM ; LONDON	1
KENTUCKY	1
PHOENIX, ARIZ, ETC	1
ALTINO 	1
MEERBUSCH BEI DüSSELDORF	1
CORK IRELAND	1
DOUGLAS VILLAGE, CORK	1
WALNUT CREEK, CA	1
NITERÓI	1
SAN CLEMENTS, CA	1
CHICHESTER, UK	1
RUBí, BARCELONA	1
SAVIGLIANO 	1
CESENA	1
KĀNEʻOHE, HI	1
MÉRIDA, VENEZUELA	1
YORK ENGLAND	1
SÃU PAULO	1
KINSALE, CO CORK	1
DINGLE	1
CUERNAVACA, MORELOS	1
SAN JUAN DE, PR	1
SAN ISIDRO, PROVINCIA DE BUENOS AIRES	1
SANTA CLARA, CA 	1
PESARO	1
KüRTEN, GERMANY	1
CELLE	1
HUIZEN, HOLLAND	1
KøBENHAVN COPENHAGEN	1
A ATHENS, GREECE	1
WOODBRIDGE ENGLAND	1
EMBüHREN	1
CASSINO	1
OLDCASTLE, CO MEATH	1
WORCESTER, MA	1
WARNGAU	1
BELL	1
SAWTRY	1
MARCH 1959	1
LINDENBERG	1
MANCHESTER, UNITED KINGDOM	1
ÅBO, FINLAND	1
TAVARNUZZE, FIRENZE	1
TIJUANA	1
TOMSK	1
ANTELLA 	1
ZWOLLE, NETHERLANDS	1
GENEV̀E	1
CALGARY, ALTA, CANADA	1
CANELONES, URUGUAY	1
DUNDEE, SCOTLAND	1
CASTELLAMMARE DI STABIA 	1
MUMBAI	1
PHILDELPHIA	1
MIGUEL HIDALGO, MÉXICO, DF	1
ROSEVILLE, CA	1
SAINT-JULIEN-CHAPTEUIL	1
MEDELLíN, COMBIA	1
SUILLY-LA-TOUR	1
KROSNO	1
GREENFIELD CENTER, NY	1
BUENOS AURES	1
URBINO	1
BELFAST, NORTHERN IRELAND	1
CAVA DE' TIRRENI	1
BURNABY, BC, CANADA	1
DUBLIN, IRELAND ; PORTLAND, OR	1
FREIBURG 	1
BRIGHTON	1
TLATELOLCO, MéXICO	1
CZęSTOCHOWA	1
COGNAC	1
SALAMANCA SPAIN	1
RIVA DEL GARDA	1
TRENTO	1
LAS PALMAS DE GRAN CANARIA	1
ST OSWALD AUSTRIA	1
HARLOW, ENG	1
WINTER PARK, FL	1
SOMMACAMPAGNA 	1
BIARRITZ, FRANCE	1
NAMUR	1
ASNIèRES-SUR-OISE	1
OYSTERHAVEN, KINSALE, CO CORK, IRELAND	1
NANTES	1
GHENT-AMSTERDAM	1
ASSISI	1
MATERIALS PARK, OH	1
VENICE	1
SEVILLA SPAIN	1
THRUPP, STROUD, GLOUCESTERSHIRE, ENGLAND	1
CASTELFIORENTINO 	1
CASSINO 	1
MINEOLA, NY	1
MILWAUKEE WIS	1
TRELEW, CHUBUT ARGENTINA	1
HAYWARD, CA	1
GUADALAJARA, MEXICO	1
DOMINICAN REPUBLIC	1
ADILSWIL	1
TORRE DE' PASSERI 	1
CHEBEAGUE, ME	1
MONCALIERI 	1
VERCELLI	1
RÍO CUARTO, ARGENTINA	1
EAST LINTON, SCOTLAND	1
MORETONHAMPSTEAD, NEWTON ABBOT, DEVON, ENGLAND	1
BROOKLYN, NEW YORK	1
LUCCA ITALY	1
WESTPORT CONN	1
HERSHEY, PA	1
TLALPAN, MÉXICO, DF	1
IPSWICH	1
WINTERTHUR/SCHWEIZ	1
TAVARNUZZE-FIRENZE	1
PAU, FRANCE	1
PAU	1
MONROE, MAINE	1
COMO	1
CHAPINGO, MÉXICO	1
SADA, A CORUñA	1
ALCALá HENARES	1
WOODSTOCK	1
BOGOTá, DC, COMBIA	1
AR RELEG-KERHUON	1
WILHELMSHAVEN	1
SANTA CROCE SULL'ARNO 	1
SOUTHAMPTON, UK	1
YAOUNDE	1
KIELCE	1
MILAN, ITALY	1
PRZEMYśL	1
BRIGHTON, UK	1
HOPEWELL, NJ	1
TLAXCALA, TLAX	1
SALTILLO, COAH	1
PETERSFIELD, UK	1
ARCADIA, CA	1
VILLENEUVE D'ASCQ FRANCE	1
ŁóDź	1
ZACATECAS, MéXICO	1
LODI	1
OAKHILL, ENGLAND	1
LEEDS ENGLAND	1
ROSARIO ARGENTINA	1
FORT MYERS, FL	1
SOUTH YARRA, VIC	1
CALSTOCK	1
OLDCASTLE, COUNTY MEATH, IRELAND	1
NEWRY, COUNTY DOWN, NORTHERN IRELAND	1
MONTECASSINO ITALY	1
JESI	1
LOCARNO 	1
KIRKCALDY	1
BRANDON, VT	1
FERRARA	1
SAINTE-FOY	1
AYACUCHO, PERú	1
LADY LAKE, FL	1
AFTON, MN	1
BURGOS SPAIN	1
GENèVE, SUISSE	1
HUELVA SPAIN	1
LEBANON, NH	1
MARACENA, GRANADA SPAIN	1
VALLADOLID, SPAIN	1
חולון	1
ḤOLON	1
1 SHEET	1
PALM SPRINGS, CA 	1
FARMINGDALE, NY	1
CULLOMPTON	1
SALAMANCA, ESPAñA	1
JACA, HUESCA	1
LUSAKA ZAMBIA	1
NEW CUMBERLAND, PENNSYLVANIA	1
عمان، الاردن ؛	1
ÖREBRO	1
LINCOLN, NE 	1
CáCERES	1
CORAM, NEW YORK	1
عمان ،الأردن	1
BEYROUTH, LIBAN	1
קרית ספר	1
ḲIRYAT SEFER	1
רמלה	1
בית שמש, אה״ק	1
BET SHEMESH, E HA-Ḳ	1
ST OTTILIEN	1
LANDSHUT GERMANY	1
TAVISTOCK	1
TULSA OKLA	1
SALAMANCA, ESPAÑA	1
OCTOBER 1954	1
NOVI EBORACI	1
SANTIAGO DEL ESTERO	1
طنطا	1
ṬANṭā	1
TORONTO ; BUFFALO	1
LANSING MICH	1
BEER-SHEVAH	1
LOUGHLINSTOWN, CO DUBLIN, IRELAND	1
NEUKIRCHEN-VLUYN	1
OOSTENDE	1
באר־שבע ישראל	1
DURHAM, ENGLAND	1
GOTTINGEN	1
MESA VERDE NATIONAL PARK, CO	1
KING OF PRUSSIA, PA	1
DURHAM ENGLAND	1
DELAWARE CITY, DEL	1
أنطلياس	1
ANṭALIYāS	1
杭州市	1
HANGZHOU SHI	1
PIKESVILLE, MD	1
FOR SALE BY THE SUPT OF DOCS, CONGRESSIONAL SALES OFFICE, US GPO	1
NORWELL, MA	1
ALEXANDRIA, VIR	1
SAN JOSé	1
LE CHâTEAU-D'OLONNE	1
BRIGHTON, SUSSEX, ENGLAND 	1
RIMINI	1
SANTANDER	1
بيروت، لبنان،	1
BOLLING AFB, WASHINGTON, DC 	1
COYOACáN	1
ESCONDIDO, CA	1
COUNCIL BLUFFS, IOWA	1
صنعاء	1
ṢANʻāʾ	1
TEGUCIGALPA, DC	1
CALABASAS, CA	1
ZARAGOZA, SPAIN	1
SAINT-GENOUPH 	1
LUSAKA, NORTHERN RHODESIA	1
［東村山市］	1
EL CERRITO, CA	1
POSADAS	1
中華民國臺灣臺北士林	1
ZHONGHUA MIN GUO TAIWAN TAIBEI SHILIN	1
臺灣臺北市 ：	1
TAIWAN TAIBEI SHI	1
SAINT-CLEMENT-DE-LA-RIVIERE, FRANCE	1
ST MICHAELS, MD	1
JAKARTA PUSAT	1
TIBUROU, CA	1
86 P	1
RARITAN, NEW JERSEY	1
KIRSTENBOSCH, SOUTH AFRICA	1
CRAIG DISTRICT, CO	1
VIETNAM	1
FORT SHAFTER, HAWAII	1
DAIBEI SHI	1
ATHēNAI 	1
鹿児島	1
KAGOSHIMA	1
BRIDGEND WALES	1
PITTSBURGH 	1
BURNABY, BC	1
TROWBRIDGE 	1
大連	1
DALIAN	1
IZHEVSK	1
臺中	1
TAIZHONG	1
九龍	1
JIULONG	1
WESTMOUNT, QUEBEC	1
NEGARA BRUNEI DARUSSALAM	1
NEW HAVEN, CT 	1
SCUNTHORPE, ENG	1
SURBITON, SURREY	1
ESPLUGUES DE LLOBREGAT, BARCELONA	1
東村山市	1
VICKSBURG, MSISIPPI	1
ZOLLIKON	1
LONDON, NH	1
TACOMA	1
HALLE/SAALE	1
CAMP ZAMA JAPAN	1
ATLANTA, US	1
HOLLYWOOD, CA	1
VINARIAE	1
LEUVEN, BELGIUM	1
KINGS POINT, NY	1
SPRINGFIELD, O	1
PHILADELPHIA, PENNA	1
ASELLA ETHIOPIA	1
JERUSALEM, PUBLISHED FOR THE NATIONAL SCIENCE FOUNDATION, WASHINGTON, DC	1
NANCY, FRANCE	1
NEUDAMM	1
KINGSTON, RI	1
IZDATEL'STVO KOLOS, MOSKVA	1
MORGES, SWITZERLAND	1
VESTAL, NY	1
PORT-OF-SPAIN TRINIDAD	1
PULLMAN WASH	1
FRANKFURT M	1
FELDAFING	1
U ZAGREBU	1
TARUTUNG TARUTUNG	1
KARāCHī	1
MüNSTER WESTF	1
KENYA	1
JOHNSVILLE 	1
STUTTGART UND	1
SPARTA, GA	1
ẂASHINGTON	1
VALLABH VIDYANAGAR	1
LICOLN, NE	1
Берлин	1
CASTRO VALLEY, CA	1
重庆	1
CHONGQING	1
GEORGIA	1
KRAKóW, NAKL	1
HANBURG-BLANKENESE	1
BOCHUM-LANGENDREER	1
LG HANSCOM FIELD, BEDFORD, MA	1
JAPAN	1
TALLADEGA	1
FORT RICHARDSON	1
KIROV	1
LIBREVILLE, GABON	1
CHICAO 	1
HALLE A S	1
MONTEVIDEO, TIP	1
GOTTINGAE	1
HEREFORD	1
MüNCHEN IE MUNICH	1
MüNSTER I W	1
GENèVE 	1
THE U	1
AND LOS ANGELES	1
LENINGRADSKOGO UNIVERSITETA,1962	1
BERLIN-LEIPZIG	1
KOULOUBA	1
V TRSTU	1
SYDNEY, AUSTRAIA	1
TULSA	1
INDIANPOLIS	1
PHILADELPHIA AND NEW YORK	1
PHILADELPHIA AND LONDON	1
SAN JUAN PUEBLO, NM	1
ISLAMABAD, PAKISTAN	1
HANNOER	1
ALAMAGORDO, NM	1
ATLANTIC CITY	1
WRIGHT-PATTERSON AIR FORCE BASE, OH, FOREIGN TECHNOLOGY DIVISION, AIR FORCE SYSTEMS COMMAND	1
DURHAM N C	1
L'VOV	1
MADRID 	1
SANTAFÉ DE BOGOTÁ, DC COLOMBIA, SUR AMÉRICA	1
WARSAWA	1
JERUSLAEM	1
YONKERS-ON-HUDSON	1
NEWTON ABBOT 	1
WEST BYFLEET, ENG	1
THREE RIVERS, CA	1
CHATHAM, NY	1
BROOK AIR FORCE BASE, TX	1
JALAPA-ENRÍQUEZ	1
NOLIT PUB HOUSE	1
CHARLOTTETOWN	1
ST PETER PORT, GUERNSEY	1
GIZA	1
PARIS ET BRUXELLES	1
ERLENBACH, ZURICH, STUTTGART	1
AIX, FRANCE	1
PORT-OF-SPAIN	1
MOSCOU	1
GAITHERSBURG	1
DOVER DEL	1
Нови Сад	1
CASHINGTON&BFOR SALE BY THE SUPT OF DOCS, US GOVT PRINT OFF	1
LAKHANAū	1
POONA	1
ENUGU, EASTERN NIGERIA	1
BROOKINGS	1
JEFFERSON CITY	1
FOREIGN AREA STUDIES, AMERICAN UNIVERSITY	1
KARACHI, DACCA	1
OXFORD OXFORDSHIRE	1
AGANA, GUAM	1
RAMSTEIN AIR FORCE BASE, GERMANY	1
PIERRE, SOUTH DAKOTA	1
ST AUGUSTINE	1
PROVINCETOWN, MA	1
陽明山	1
YANGMINGSHAN	1
MILANO-VARESE	1
ROXBURY, MA	1
MONTRéAL, QUéBéC	1
SASKATOON	1
CORDOVA, AK	1
WASHNGTON	1
BEURON	1
BOIS-COLOMBES	1
BELIZE	1
GENV̀E	1
SHANNON	1
SHAWNEE, OK	1
ASELLA, ETHIOPIA	1
ETTAL	1
MYSORE	1
AMBATO	1
SAN JUAN P R	1
ELMENDORF AIR FORCE BASE, AK	1
BOSTON AND NEW YORK	1
PEARL HARBOR, TH	1
ILāHāBāDA	1
BAGDAD	1
HOPKINTON, NY	1
CORK, IRE	1
ROCKLAND, MAINE	1
CHESTER	1
ARLINGTON, VA, ETC	1
FASANO	1
沈阳	1
SHENYANG	1
NANTERRE, FRANCE	1
HILVERSUM	1
KRUNGTHēP MAHāNAKHŌ̜N	1
臺北  南港	1
FOR SALE BY THE SUPERINTENDENT OF DOCUMENTS, U S GOVT PRINT OFF	1
SHANGHAI SHI	1
EINSIEDELN	1
EAST GLASTONBURY, CT	1
CALCUTTA, INDIA	1
VARSOVIE	1
MT PLEASANTMI	1
HULL QUE	1
FOLKESTONE, KENT, ENGLAND	1
VILLENEUVE-D'ASCQ FRANCE	1
OAKVILLE, ONT	1
PALOS VERDES ESTATES, CA	1
HAMILTON, IL	1
CALTANISSETTA	1
TLATELOLCO, MÉXICO	1
MONTICELLO, NY	1
LAIBACH	1
BERLN	1
LEICESTER	1
FRANKFURT MAIN	1
CANBERRA, AUSTRALIA 	1
ROSSLYN, VA, ETC	1
FORT KNOX, KY 	1
TOYKO	1
FRESNO, CA 	1
CARÁCAS, VENEZUELA	1
KRAKÓW	1
POZNAN	1
WAIGANI	1
GREENWICH	1
CLEVEDON, AVON, ENGLAND	1
TOTOWA, NJ 	1
OXFORD, ENG	1
BALBOA HEIGHTS, CANAL ZONE	1
MEISE	1
東京 ：	1
［東村山］ ：	1
WHITE PLAINS, NY, ETC	1
YOGYAKARTA	1
N P, ND	1
NUREMBERG, GER	1
DAMME	1
CHELMSFORD, MA	1
NEUWIED	1
SHROPSHIRE	1
OIL CITY, PA	1
TERVUREN, BELGIQUE	1
VILA	1
HONOLULU, ETC	1
MAR DEL PLATA, ARGENTINA	1
ALMA-ATA	1
HONOLULU 	1
BOSTON SPA ENG	1
SAN FRANCISCO, ETC	1
KALAMAZOOMI	1
LOMA LINDA, CA	1
BOGOTÁ, DE, COMBIA	1
ENGLEWOOD, CO 	1
BERLIN, ETC	1
STOCKHOLM 	1
ITHACA, NEW YORK	1
PORT-AU-PRINCE, HAITI 	1
PICKERING, ONTARIO	1
BANGKOK 	1
BALTIMORE 	1
NARRAGANSETT, RI 	1
PANAMá	1
BAUTZEN	1
ANNAPOLIS, ETC	1
BOGOR INDONESIA	1
MOSCOW, USSR	1
PHRA NAKHŌ̜N	1
LAGUNA	1
NEUSTADT A D AISCH	1
DARMSTADT GER HISTORICAL DIVISION, HEADQUARTERS, US ARMY, EUROPE	1
SKOPJE	1
BADAJOZ	1
KALLMüNZ 	1
EREVAN	1
BAYRŪT, LUBNĀN	1
GORINCHEM	1
SURREY, ENGLAND	1
GLOUCESTER GLOUCESTERSHIRE	1
BURLINGTON, VERMONT	1
MIDDLEBURY	1
METRO MANILA, PHILIPPINES	1
MARDID	1
DELHI, INDIA	1
BELIZE CITY, BELIZE	1
AUXERRE	1
NEW YORK, G & C & H CARVILL; ETC, ETC	1
MILLBRAE, CA	1
INYOKERN	1
KöNIGSTEIN/TS	1
FLORENZ	1
HARMONDSWORTH, MIDDLESEX	1
FAREHAM, HAMPSHIRE, ENGLAND	1
MT CLEMENSMI	1
WIEN, DRUCK UND VERLAG DER öSTERREICHISCHEN STAATSDRUCKEREI	1
SAN PEDRO	1
BEIJING, CHINA	1
VALéNCIA	1
VARANASI INDIA	1
MIDDLESEX, ENG	1
MORRIS	1
SANTURCE, PUERTO RICO	1
FRUNZE	1
HILLSIDE, NJ	1
OSTRAVA	1
NUEVA-YORK	1
JACKSON MICH	1
PALMA DE MALLORCA	1
MORTEMART	1
SZTOKHOLM	1
GOUY	1
NEWTON ABBOT ENG	1
KENNETT SQUARE, PA	1
S'GRAVENHAGE	1
BERNA	1
JACKSONVILLE FLA	1
ZADAR	1
BHOPAL	1
GLOUCESTER	1
VILNIUS	1
WINCHESTER ENG	1
MONT-DE-MARSAN	1
BAGNOLS-SUR-CèZE	1
OPLADEN	1
VERMILLION, SD	1
ASSEN, NETHERLANDS	1
NORTHPORT, LI, NY	1
BRIGHTON, SUSSEX	1
BONDY	1
WINDSOR, BERKSHIRE, ENGLAND	1
GREENVALE, NY	1
VADUZ LIECHTENSTEIN	1
CHESHAM	1
SARASOTA	1
NEWCASTLE	1
BERLINI	1
KŌ̜THŌ̜MŌ̜ IE KRUNGTHēP MAHāNAKHŌ̜N	1
GARLAND, TX	1
FIRENZE, ITALY	1
SAINT-ETIENNE	1
YONKERS-ON-HUDSON, NY	1
AGARTALA	1
CARBONDALE ILL	1
SANTA BARBARA	1
SPRING LAKE, NJ	1
UNITED KINGDOM	1
BELUR	1
DERBY	1
LONDON, J MURRAY	1
OTTOWA	1
SANTIAGO DE COMPOSTELLA	1
STROUDSBURG, PA	1
SURBITON	1
NATIONAL COMMISSION ON THE OBSERVANCE OF INTERNATIONAL WOMEN'S YEAR, HOMEMAKERS COMMITTEE 	1
WALLINGFORD, CT	1
MONTGOMERY, VT	1
HONG KONG; SPRINGFIELD, VA	1
COLLINGWOOD, VIC	1
KRUNG THĒP MAHĀ NAKHŌ̜N	1
CHAMLEE, GA 	1
PHRANAKHŌ̜N	1
HATO REY	1
BULAWAYO, ZIMBABWE	1
OKLAHOMA	1
SPRINGFIELD, OH	1
CINCINNATI;, OH	1
TUSCON, ARIZ	1
ST ALBANS, ENGLAND	1
NUGEGODA	1
PALO ALTO, CA 	1
AL-JAZāʼIR	1
BASTORA, GOA	1
MIDDLETOWN	1
SAN RAFAEL, CA	1
CORVALIS	1
BEOGRAD, JUGOSLOVENSKO DRUšTVO ZA PROUčAVANJE ZEMLJIšTA	1
TLATELOLCO, MEXICO	1
BERN, MÜNCHEN	1
MüNCHEN KöSEL-VERLAG	1
KILLEEN, TX	1
WARSAW, PZWL-POLISH MEDICAL PUBLISHERS; AVAILABLE FROM THE NATIONAL TECHNICAL INFORMATION SERVICE, SPRINGFIELD, VA	1
BELLATERRA, BARCELONA	1
KANPUR	1
ANTWERPEN	1
LENINGRAD 	1
PAJAKUMBUH	1
HUMACAO, PR	1
BLANGERMONT	1
MEDAN	1
GENéVE	1
NORTHFIELD	1
CAIRO, UAR	1
NEW ROCHELLE, NY, ETC	1
EVANSTON, IL 	1
FRANKFURT AM, ETC	1
FARNHAM ROYAL, ENG	1
NAHA	1
PALMER, ALASKA 	1
CAPE PROVINCE, SOUTH AFRICA	1
GABERONES	1
IBADAN NIGERIA	1
WOODS HOLE	1
NS	1
LINCOLN, ETC	1
MEXICO, DISTRITO FEDERAL	1
EMORY UNIVERSITY, GA	1
ALAMEDA, CA	1
HELSINGFORS	1
TANGIPAHOA, LA	1
ARLINGTON HALL STATION, VA	1
KISHINEV	1
36 P WASHINGTON, DC	1
US DEPT OF HOUSING AND URBAN DEVELOPMENT, OFFICE OF POLICY DEVELOPMENT AND RESEARCH	1
BOSTON,MASS	1
HABANá, CUBA	1
SYCAMORE, IL	1
GOTHA	1
LIVERMORE, LCA	1
NATIONAL MARINE FISHERIES SERVICE	1
ALKEN, SC	1
CRISTO	1
LONDON ENGLAND	1
MCCOOK FIELD, DAYTON, OH	1
EAST SAGINAWMI	1
UTICA, NY	1
DURHAM, NC 	1
CAMP KNOX, KY	1
BANGOR	1
YAKIMA, WA	1
LOS ALAMOS, CA	1
GAITHESBURG, MD	1
ROCHESTER, NEW YORK	1
LYNCHBERG, VA	1
PITTSSBURGH, PA	1
MALDEN, MA 	1
EVERETT, MA	1
US OFFICE OF TELECOMMUNICATIONS	1
CAPITOL HEIGHTS, MD 	1
CORVALLIS,OR	1
NASA/MARSHALL SPACE FLIGHT CENTER, ALA	1
SPRINGFIELD, , VA	1
WEST CHESTER, PA	1
FOR SALE BY US GPO	1
1B	1
METAIRE, LA	1
FISH AND WILDLIFE SERVICE	1
KEARNEYSVILLE, WV 	1
TWIN, CITIES, MN	1
WILLETTS POINT, NY	1
MOUNT HOPE, CZ 	1
MOUNT HOPE	1
TN	1
OREGON	1
LOUISIANA	1
HAMMOND, IN	1
BELLEVUE, NE	1
AMES, IA 	1
PASSAIC, NEW JERSEY	1
20 P	1
1ST, ED	1
BARTLESVILLE, OKLA 	1
FOR SALE FOR FEDERAL SCIENTIFIC AND TECHNICAL INFORMATION, SPRINGFIELD, VA	1
LANGLEY STATION, HAMPTON, VA	1
FOR BENNING, GA	1
JESSUO, MD 	1
COLUMBUS MISS	1
LUND, SWEDEN	1
BUFFALO 	1
UPTON, LONG ISLAND, NEW YORK	1
FOR SALE BY THE CLEARINGHOUSE FOR FEDERAL SCIENTIFIC AND TECHNICAL INFORMATION	1
OFFICE OF PLANNING AND RESOURCES MANAGEMENT, DIVISION OF PLANNING AND POLICY ANALYSIS, PROGRAM REVIEW SECTION	1
BLOOMINGTON, IL	1
SRINGFIELD, VA	1
PINELLAS PARK, FL	1
LINTHICUM, HEIGHTS, MD	1
-- VICKSBURG, MS	1
CAMBRIDGE, MA ; BOLT, BERANEK, AND NEWMAN	1
GAITHERBURG, MD	1
FOR SALE BY OFFICE OF TECHNICAL SERVICES, WASHINGTON, DC	1
FORT LEONARD WOOD, MO	1
TOMAH, WI	1
BATTLE CREEKMI 	1
SPEULVEDA, CA	1
SOUTH DEEFIELD, MA	1
STONEVILLE, MS	1
GUNTER AFS, ALA	1
CHANUTE AFB, IL	1
FORT MCPHERSON, GA	1
ROHNERT PARK, CA	1
BOLLING AIR FORCE BASE, MD	1
BOLLING AIR FORCE BASE, WASH, DC	1
ABINGDON, MD	1
BECKLEY W, VA	1
JESSUP, MARYLAND	1
11 P	1
WEST BETHESDA, MD	1
PALMETTO, GA	1
CHARLOTTESVILLE, VA 	1
IRWIN, PA	1
TUSKEGEE, IL	1
UNIVERSITY HEIGHTS, OH	1
PENNSACOLA, FL	1
MARTIN, TN	1
MACOMB, IL	1
MOBILE, AL	1
YOUNGSTOWN, OH	1
UNIVERSITY PARK, PENN	1
GEORGE AIR FORCE BASE, CA	1
BATTLE CREEK, MI 	1
FLORENCE, KY	1
MCKINNEY, TX	1
RIDGECREST, CA	1
BATTLE CREEK, MI	1
MERRITT ISLAND, FL	1
PORT HUEMENE, CA	1
SAUFLEY FIELD, FL	1
SPARTA, WI	1
CHANUTE, IL	1
FORT GEORGE F MEADE, MD	1
PENSOCOLA FLA	1
POINT MUGU, CA 	1
WASHSINGTON, DC	1
NELLIS AFB, NV	1
NORTON AIR FORCE BASE, CA	1
PRINCE GEORGES, MD	1
APG, MD	1
ALEXANDREIA, VA	1
OCEANPORT, NJ	1
FE WARREN AFB, WY	1
MAXWELL, AFB, ALA	1
FORT HOOD, TX	1
FORT DIX, NJ	1
MOODY AFB, GA	1
CUPERTINO, CA	1
OXFORD, OH	1
MAXWELL AIR FORCE BASE	1
FORT GEORGE G MEAD, MD	1
BAYONNE, NJ	1
PENSACOLA,,FLA	1
MARCH AIR FORCE BASE, CA	1
USAF ACADEMY, CO	1
BOLLING AIR FORCE BASE, DC	1
DOCUMENT HANDLING AND INFORMATION SERVICES FACILITY DISTRIBUTOR	1
GRISSOM AIR FORCE BASE, IN	1
ANN ARBOR MICH	1
CLEVELAND 	1
SETTLE, WA	1
BERGSTROM AIR FORCE BASE, TX	1
-- WASHINGTON, DC	1
ADA OKLA	1
AVAILABLE THROUGH THE NATIONAL TECHNICAL INFORMATION SERVICE	1
BUREAU OF FOREIGN AND DOMESTIC COMMERCE	1
QGDEN, UT	1
BERGEN	1
FORT AP HILL, VA	1
WILLIAMSBURG, KY	1
TEXARKANA, TX	1
HANOVER, NEW HAMPSHIRE	1
CHARLESTON, IL	1
GLENWOOD SPRINGS, CO 	1
TERMINAL ISLAND, CA 	1
NORMAN OKLA	1
WASHTINGTON, DC	1
ALEXANDRIA, VIROINIA 	1
WASHGINTON, DC	1
FT SHERIDAN, IL	1
SPRINGFIELD, VA FOR SALE BY  THE NATIONAL TECHNICAL INFORMATION SERVICE	1
BOULDER,COL	1
DEPT OF HEALTH AND HUMAN SERVICES, PUBLIC HEALTH SERVICE, NATIONAL INSTITUTES OF HEALTH	1
GAITHERSBURD, MD	1
WHITE RIVER JUNCTION, VT 	1
RLINGTON, VA	1
FALLS CHURCH, VA 	1
CEDAR RAPIDS, IOWA	1
HORSHAM, PA	1
JOHNSTOWN, PA 	1
MCKINLEY PARK, AK	1
PRESIDIO OF SAN FRANCISCO, CA	1
HARPERS FERRY, WVA 	1
MISSION VIEJO, CA	1
NORTH DAKOTA	1
WILMINGTON, NC 	1
PITTS BURGH, PA	1
ALCOHOL, DRUG ABUSE, AND MENTAL HEALTH ADM	1
PUBLIC HEALTH SERVICE	1
CAMDEN, NJ	1
DELHI, NY	1
CRYSTAL CITY, VA 	1
MANTEO, NC	1
UPLAND, PA	1
WHITEWATER, WI	1
FORT TOWSON, OK	1
SHREVEPORT	1
ALEXANDRIA, LA	1
MERIDIAN, MS	1
DEMOPOLIS, ALA	1
MILLEDGEVILLE, GA	1
BETHEL, TN	1
MOBILE ALA	1
NORTH CAROLINA	1
MARHALL, TX	1
CAMDEN, AR	1
VA	1
RICHMOND, VA 	1
SPARTA, TN	1
TUPELO, MS	1
RICHNMOND	1
WYTHEVILLE, VA	1
DEVNER, CO	1
DEPT OF FORESTRYMI STATE UNIVERSITY	1
SANTA CRUZ	1
SAULT STE MARIEMI	1
ALTON, IL	1
ASMARA, ERITREA	1
DENISON, TX	1
MUSKOGEE, OK	1
NORTHPORT, LONG ISLAND, NY	1
NORTHPORT, NY	1
ROCKVILLE, MD, NATIONAL INSTITUTE OF MENTAL HEALTH, CENTER FOR STUDIES OF CRIME AND DELINQUENCY; FOR SALE BY THE SUPT OF DOCS, US GOVT PRINT OFF, WA	1
MADISON, UNIVERSITY OF WISCONSIN, ETC	1
IE ANN ARBORMI	1
̈WASHINGTON, DEPT OF ENERGY, BOARD OF CONTRACT APPEALS̈	1
JUNEAU, THE ADMINISTRATION	1
LINTHICUM, MD	1
<SL>	1
<BALTIMORE, MD	1
ATLANDA, GA	1
MADISON, MS	1
CARPINTERIA, CA	1
NEW YORK, BOSTON 	1
LAONA, WI	1
HYATTSVILLE, MD DEPT OF AGRICULTURE, AGRICULTURAL RESEARCH SERVICE	1
GARDEN CITY, NEW YORK	1
EVANSVILLE, IN	1
FORT WAYNE, IN	1
ATLANTIC	1
BLANDENSBURG, MD	1
BETHESDA, MD, NATIONAL CANCER INSTITUTE	1
NASHVILLE, TN 	1
1907	1
WESHINGTON	1
SECOND EDITION NOVEMBER 14, 1922	1
FOR SALE WASHINGTON, DC	1
OAT RIDGE, TN	1
WHEELING, W, VA	1
WINDOW ROCK, ARIZONA	1
LA VEGAS, NV	1
PLUM ISLAND, NY	1
WASH, GOVT PRINT OFF	1
CAMP CROWDER, MO	1
RANDOLPH A F B, TX	1
EDGEWOOD ARSENAL MARYLAND	1
INYOKERN, CHINA LAKE, CA	1
KIRTLAND AIR FORCE BASE	1
L G HANSCOM FIELD, BEDFORD, MA	1
DISTRIBUTED BY U S DEPT OF COMMERCE, OFFICE OF TECHNICAL SERVICES, WA	1
FT EUSTIS, VA	1
BATTERYMARCH PARK, QUINCY, MA	1
AVAILABLE FROM OFFICE OF TECHNICAL SERVICES, U S DEPT OF COMMERCE, WA	1
FORT KNOX, KENTUCKY	1
HILO	1
WHITE OAK	1
UNIVERSITY CENTER, MI	1
MCMINNVILLE, OR	1
SACREMENTO, CA	1
OBERLIN, OH	1
WESTBURY, NY	1
EL SEGUNDO	1
WRIGHT-PATTERSON AIR BASE, OH	1
REPRODUCED BY ARMED SERVICES TECHNICAL INFORMATION AGENCY, ARLINGTON, VA	1
PORT WASHINGTON	1
ALBUQUERQUE,NM	1
MIAMI FLA	1
E LANSINGMI	1
KENMARE, ND 	1
KETCHIKAN, AK 	1
PETERSBURG, ALASKA 	1
WILLIAMS, AZ 	1
HECTOR, NY	1
PETERSBURG, AK 	1
KING CITY, ONT	1
OR	1
IDLEYLD PARK, OR	1
WINCHESTER, KY	1
SONORA, CA	1
PHOENIZ, ARIZ	1
STAFFORD, ARIZ	1
IRON COUNTY, UT	1
KETCHIKAN, ALASKA 	1
SPRINGFIEDL, VA	1
BETLTSVILLE, MD	1
WICHITA, KS	1
DENALI NATIONAL PARK, AK	1
RED BLUFF, CA 	1
KOROR	1
HONOLULU, HI 	1
SEATTLE, WA 	1
WESLACO, TX	1
SAVOONGA, AK	1
GLEN ELLYN, IL	1
MARTINSBURG, W, VA	1
KONEDOBU, PAPUA NEW GUINEA	1
RIVERHEAD, NY	1
AUBURN, NY	1
BRIDGER, MT	1
COLLEGE PARK	1
CAPE MAY	1
CARLISLE BARRACKS, PENNSYLVANIA	1
NEUILLY SUR SEINE, FRANCE 	1
WILLETS POINT, NY	1
AHSAHKA, ID	1
PORTERVILLE, CA	1
GENOA CARSON VALLEY	1
FRAMINGTON, MA	1
ROUGH ROCK, ARIZ	1
WINDOW ROCK, AZ 	1
ALDERSHOT, HAMPSHIRE, UK	1
HUNTSVILLE ALA	1
CAMP BENNING, GEORGIA	1
CAMP GRANT, IL	1
SOMERVILLE, NJ	1
WESTERLY, RI	1
CORVALIS, OR	1
HANSCOM AFB LEXINGTON, MA	1
BELFAST, MAINE	1
THE DISTRICT	1
LA JOLLA, , CA	1
SAN PEDRO, CA	1
MILFORD, CT	1
HANSCOM ASIR FORCE BASE, MA	1
NARRANGANSETT, RI	1
BELVOIR, VA	1
DILLON BEACH, CA	1
; WASHINGTON	1
BEAUFORT, SC	1
CORPUS CHRISTI, TX	1
GREAT NECK, NEW YORK	1
VENTURA	1
CHINA LAKE	1
HOMER, AK 	1
RIVERDALE, MARYLAND	1
SIERRA MADRE, CA	1
TRUCHAS, NM	1
HICKAM AFB, HAWAII	1
PINE RIDGE, SD	1
PORTAGE WIS	1
ANADARKO, OK	1
HAWAII VOLCANOES NATIONAL PARK, HI	1
ÄRLINGTON, VÄ	1
RESEARCH TIANGLE PARK, NC	1
BINGER, OK	1
WHITE SANDS, NM	1
BETHESDA, MD  	1
FORT LEAVENWORTH, KSS	1
CHICO ARMY AIR FIELD, CA	1
LA VERNE, CA, USA 	1
MAXWELL FIELD, ALABAMA	1
HAARLEM	1
EDWARDSVILLE, IL	1
SHAWNEE MISSION, KS	1
CORAL CABLES, FL	1
DU QUOIN, IL	1
RICHLAND CENTER, WI	1
FORT COLLIONS, CO	1
LEADVILLE, CO	1
2006	1
VALLEJO, CA 	1
MISSOURLA, MT	1
PORT ORFORD, OR 	1
CONYERS, GA	1
MADISION, WIC	1
WATERBURY, VT	1
ALEXANDRA, VA	1
CHIEFLAND, FL	1
GAITHERSBERG, MD	1
PANGUITCH, UT	1
MOUND VIEW, MN	1
ASHEVILL, NC	1
OREM, UT	1
MONTGOMERY, ALA 	1
KANAB, UT	1
CLARKSTON, WA	1
RADNOR PA 	1
WILMINGTON, IL 	1
US DEPT OF AGRICULTURE, FOREST SERIVCE, ST PAUL, MN	1
SILVER SPRING MD 	1
ASHLAND, OR	1
IRONWOOD, MI 	1
WYO	1
ST MARIES, ID	1
HOUSTON, TX 	1
DEATH VALLEY, CA	1
BLACKDUCK, MN	1
WOODLAND HILLS, CA	1
SAINTE-FOY, QUEBEC, CANADA	1
GOLCONDA, IL	1
LAWRENCEVILLE, GA	1
LISLE, IL	1
TELL CITY, IN	1
COLUMBIA, MS	1
ESCALANTE, UT	1
TULELAKE, CA	1
GREEN RIVER, WY	1
THOUSAND OAKS, CA 	1
BONNERS FERRY, ID 	1
DANVERS, MA	1
PACIFIC NORTHWEST FOREST AND RANGE EXPERIMENT STATION	1
WARREN, PENN	1
HEBER CITY, UT 	1
PHILADEPHIA, PA	1
RHINELANDER, WI 	1
TAHLEQUAH, OK 	1
ELKHART, KS 	1
HELENA, MT 	1
MIIWAUKEE, WI	1
CLAY CENTER, NE 	1
PITTSBORO, NC	1
PROTLAND, OR	1
TALKEETNA, AK	1
HARRISBURG, IL	1
SOMERSET, OH	1
CROW AGENCY, MT	1
SANTA, FE, NM	1
BERKELEY 	1
NEW ORLANS, LA	1
ALBUQUERQUE, N MEX	1
HYATTEVILLE, MD	1
PEORIA, IL 	1
STEVENSVILLE, MT	1
ALASLKA	1
WAUBAY, SD	1
TAMPA BAY, FL	1
HAYWARD, WI	1
HOQUIAM, WA	1
RENO, NV 	1
PORTLAND OR 	1
MOUNTLAKE TERRACE, WA 	1
EAST CONSERVATION, MI	1
NC	1
HOUGHTON, MI	1
VICKSBURGH, MS	1
BOISE DISTRICT, ID	1
CRESCENT CITY, CA	1
0CCIDENTAL, CA	1
CARBONDALE, CO	1
DAVIS, CA 	1
PROSSER, WA	1
DUTCH JOHN, UT	1
AKA, OK	1
SCARAMENTO, CA	1
NARRAGANSETT, RHODE ISLAND	1
ESCANABAMI	1
III, 1, 183 P	1
الكويت	1
KUWAYT	1
MANAGUA, DN, NICARAGUA	1
BESHESDA, MD	1
RIO PIEDRAS, PUERTO RICO 	1
AGOURA HILLS, CA	1
DEPT OF JUSTICE	1
STERLING, VA 	1
PIKES PEAK, CO	1
SALTON CITY, CA	1
ESTES PARK, CO	1
OROFINO, ID	1
RHINELANDER, WI	1
MANCOS, CO 	1
O'NEILL, NE	1
BLOOMINGTON, MN 	1
SHERIDAN, WY 	1
BETSVILLE, MD	1
EUSTIS, FL	1
ROYAL, ARK 	1
DRY BRANCH, GA	1
ANACONDA, MT	1
CHILLICOTHE, OH	1
PEARBLOSSOM, CA	1
EAGLE RIVER, WI	1
HOMESTEAD, FLA 	1
GOLDEN POND, KY	1
ALTA, UT	1
GRAND MARAIS, MN	1
JACKSONVILLE, OR	1
CEDAR CITY, UT 	1
UMATILLA, OR 	1
MILWAUKEE, WI 	1
MAISTEE, MI 	1
MOAB, UT 	1
BROWNSTOWN, IN	1
FORT COLLLINS, CO 	1
SARATOGA, WY 	1
WORLAND, WY 	1
DOLORES, CO	1
SHARPSBURG, MD	1
LUMBERTON, NC	1
KODIAK, AK	1
CHESTER, PA	1
LOGAN, OH	1
FORT COLINS, CO	1
LAS, VEGAS, NV	1
ALBANY, CA, ETC	1
KYı̈V	1
WASHGINTON	1
ANNAPOLIS, MD, ETC	1
BOLDER, CO	1
NATIONAL BUREAU OF STANDARDS	1
BAYFIELD, WI	1
MEX́ICO, DF	1
WEST LAFAYETTE	1
SAN FRANCISCO, , CA	1
CAMARILLO	1
CARLSBAD, CA	1
OCEANSIDE, CA	1
SEQUIM, WA	1
SANIBEL, FL	1
IDAHO FALLS, IDA	1
TUCSON, ARIZONA	1
SPRINFIELD, VA 	1
SEATTLE, WASH, USA 	1
FORT MONMOUTH, NEW JERSEY	1
ANAHEIM, CA	1
ARLINGON, VA	1
SOUTH DARTMOUTH, MA	1
MSFC, ALA	1
PENNSYLVANIA	1
FORT DETRICK, FREDERICK, MD	1
RICHMOND, KY	1
CHESTER, CT	1
NEEDHAM HEIGHTS, MA	1
BAR HARBOR, ME	1
HEIDELBERG-BERLIN	1
ARGONNE LEMONT, IL	1
GUATEMALA, CA	1
ARDMORE, OK	1
CADDOA, CO	1
FORT MONROE	1
PHILIPPINE ISLANDS	1
MARYVILLE, TN	1
FEDERALSBURG, MD, ETC	1
ANDREWS AFD, MD	1
FORT LESLEY J MCNAIR, WA	1
PAKISTAN	1
ẄASHINGTON	1
CARLISLE BARACKS, PA	1
LARAMIE, WY 	1
PGH IE PITTSBURG, PA	1
PITSBURG, PA 	1
ARGONE, IL	1
LERMONT, IL	1
SPRINGFIELD, VIR	1
{ROCKVILLE, MD	1
PRINCETON, OR	1
WOODWORTH, ND	1
RANDLETT, UT	1
SHIRLEY, NY	1
CHINCOTEAGUE ISLAND, VA	1
WINDOW ROCK ARIZ	1
CARLISLE	1
PINE PLAINS, NY	1
WRIGHT-PATTERSON AIR FORCE BASE, DAYTON, OH	1
FORT PECK, MT	1
DEVILS TOWER, WY	1
MANASSAS, VA	1
MILLBRIDGE, ME	1
GREENBELD, MD	1
ROCKVILL, MD	1
THE OFFICE	1
ALTANTA, GA	1
PORT ALSWORTH, AK	1
ST LUCIE RIVER ESTUARY, FL	1
STILLWATER, NY	1
FORT DAVIS, TEX 	1
MADISON, SD	1
BANDELIER NATIONAL MONUMENT, NM	1
FT COLLINS, CO 	1
US GEOLOGICAL SURVEY	1
DELANO, CA	1
EVERGREEN, CO	1
MAXWELL AFB, AL 	1
CHARLESTOWN, MA	1
CASAMARI 	1
PORTSMOUTH, VA	1
BEşIKTAş, İSTANBUL	1
SALEM  	1
ZBRASLAV-STRNADY	1
FLORISSANT, CO	1
ALBURY, AUSTRALIA	1
ORINDA, CA	1
LEXINGTON, VA	1
₊MIAMI, FLA₋	1
SYRACUSE, N Y SYRACUSE UNIVERSITY PRESS	1
HANOVER, ETC	1
ST PETERBURG	1
BURGOS	1
TRIPOLI, LIBYA	1
SOFII&#XBF;A	1
CHEVY CHASE, MD 	1
LOWELL, MA 	1
MOSCOW, RUSSIA	1
IRVINE, PA	1
VI, 225 P	1
MUSCATINE, IA	1
JOHNSTOWN, PA	1
NARAGANSETT, RI	1
HILO, HAWAII	1
DELWARE, OH	1
TUSCON, AZ	1
AVAILABLE THROUGH THE NATIONAL ASSESSMENT OF EDUCATIONAL PROGRESS	1
COLVILLE, WASH 	1
AUSTIN, TX 	1
VERNON, VA	1
WEST TRENTON, NEW JERSEY	1
LAKEWOOD, COL	1
MILFORD, PENN 	1
OKLAHOMA CITY IE WASHINGTON, DC	1
SYOSSET, NEW YORK	1
RETON, VA	1
LEMOYNE, PA 	1
WEST VALLEY CITY, UT	1
SCRAMENTO, CA	1
SACRAMENTA, CA	1
TACOMA, WA 	1
DECATUR, GA	1
LINCOLN, NB	1
MOUNDS, VIEW, MN	1
HELENA MONT	1
TALLAHASSEE, FLA 227 N BRONOUGH ST, SUITE 3015, TALLAHASSEE-1372)	1
BRANCH OF INFORMATION SERVICES DISTRIBUTOR	1
LEMOYNE, PENN	1
LANSINGMI 	1
TAKOMA, WA	1
TALLAHASEE, FL	1
CARSON CITY, NEV 	1
TALLAHASSEE, FL 	1
LAKEWOOK, CO	1
OKLAHOMA CITY OKLA	1
LAKEWOOD, C0 	1
HARRISBURG, PA 	1
DEVILS TOWER, WY 	1
NEWTON SQUARE, PENN 	1
FORT WORTH, TEX 	1
NORTHBOROUGH, MA 	1
SHIPROCK, NM	1
RIVERDALE, MD 	1
KIRTLAND AFB, NM	1
HARPERS FERRY W, VA	1
LANGELY, VA	1
ARLINGTON 	1
OZARK, ALA	1
AMERICUS, GA	1
WISCONSIN	1
BOLLINGS AIR FORCE BASE, MD	1
SPOKANE COUNTY, WA	1
HOONAH, AK	1
NEWPORT, RI 	1
CARLISLE, PA 	1
MAMMOTH HOT SPRINGS, WY	1
XALAPA, VERACRUZ	1
RANDLETT, UT 	1
FAIRFAX, VA 	1
SHEPERDSTOWN, WV 	1
ILWCO, WA	1
PHOENIZ, AZ	1
MUNSING, MI	1
NEWPORT, OR 	1
EUGENE, OR 	1
SAN MATEO, CA 	1
ANAPOLIS, MD	1
CARLISLE BARRACKS, PA 	1
ARLINGTION, VA	1
NATIONAL OCEANIC AND ATMOSPHERIC ADMINISTRATION, US DEPT OF COMMERCE	1
HADLEY, MA 	1
RESEARCH TRIANGLE, PARK, NC	1
CUBA, NM	1
DELMAR, NY	1
RESEARCH TRIANGLE PARK, NORTH CAROLINA	1
ROCKVILLE MD 	1
DULUTH, MN 	1
SAVANNA, IL	1
SUPT OF DOCS, US GPO, DISTRIBUTOR	1
FOR SALE BY THE US GPO	1
MARQUETTEMI	1
TITONKA, IOWA 	1
SANTURCE, PR 	1
1981	1
HAGERMAN, ID	1
RESEARCH TRIANGLE, NC	1
LAS VEGAS NEV	1
PORLTAND, OR 	1
NARRAGENSETT, RI	1
BROMALL, PA	1
CLALLAM COUNTY, WA	1
CINCINANATI, OH	1
LANGLEY PARK, VA	1
MUSKEGONMI	1
ATHEN, GA	1
BROOKLINE, MA 	1
SPRINFGFIELD, VA	1
LAS VEGAS, NEV 	1
CINCINNAT	1
PERFORMANCE	1
BALTIMORE, MA	1
LARNED, KS	1
LOUISVILLE, CO	1
SPRINGFILED, VA	1
S_	1
IDAHO FALLS 	1
CALVERTON, MARYLAND	1
AVAILABLE FROM GPO SALES PROGRAM, DIVISION OF TECHNICAL INFORMATION AND DOCUMENT CONTROL, US NUCLEAR REGULATORY COMMISSION	1
CLALLAM CO, WA	1
A A WASHINGTON, DC 	1
WEST ORANGE, NJ	1
BRüSSEL	1
MARIEMONT, OH	1
ALBANY, NY 	1
HELMSTADII	1
KOLN	1
BUCUREṣTI	1
CAMPINAS BRAZIL	1
CORPUS CHRISTI	1
DEER PARK	1
COSTA MESA, CA	1
ALA 	1
MALVERN, PA	1
EDINBURG, TX	1
FLAGSTAFF, ARIZ 	1
BISMARCK, N DAK	1
FORT HUACHUCA, AZ	1
FT HUACHUCA, AZ	1
HARRISBURG, PENN	1
OMAHA, NER	1
NORFOLK, VA 	1
HARRISONBURG, VA	1
MONTICELLO, UT	1
AURORA, CO 	1
SHARPSBURG, MD 	1
GEORGE AFB, CA	1
RESEARCH TRIANGLE PARK, NC 	1
CORVALLIS, CA	1
ALBURQUERQUE	1
FORT LEAVENWORTH KAN	1
WAILUKU, MAUI, HAWAII 	1
PARKERSBURG, WV	1
BETHSEDA, MD	1
BOROKO, PAPUA NEW GUINA	1
HYATTVILLE SIC, MD	1
KI SAWYER AIR FORCE BASEMI	1
EAST TAWASMI	1
VICTORIA, BRITISH COLUMBIA	1
ALBURQUERQUE, NM	1
LOWRY AFB, CO	1
FARMINGTON, PENN	1
LUKE AFB, AZ	1
SAN ANGELO, TX	1
OAK HILL, W, VA	1
PHOENIX, ARIZ 	1
OUFFUTT AIR FORCE BASE, NE	1
DREXEL HILL, PA	1
OAKDALE, PA	1
EDWARDS AFB, CA	1
PACIFIC NORTHWEST REGIONAL DIVISION OF CULTURAL RESOURCES, SCIENCE AND TECHNOLOGY, RESOURCE MANAGEMENT	1
TINKER AIR FORCE BASE, OK	1
CRESSEN, PA	1
MINOT AIR FORCE BASE, ND	1
CHADRON, NE 	1
LONGMONT, CO	1
ROME ITALY	1
MONTROSE, CO 	1
LOS ANGELES AFS, CA	1
BREMERTON, WA	1
DUCK, NC	1
COUER D'ALENE, ID	1
KINGSVILLE, TX	1
SELFRIDGE ANG BASE, MI	1
DUPAGE, IL	1
LEESBURG, VA	1
CODY WYO	1
PARK COUNTY, WY	1
DEPT OF THE TREASURY	1
WILMINGTON, DE	1
IRVING, TX	1
BILLINGS	1
BEDFORD, MA 	1
DEVONSHIRE, BERMUDA	1
PORTSMOUTH, NH 	1
RUSSELLVILLE, AR	1
KOTZEBUE, AK	1
CASPAR, WY	1
MOAB, WA	1
PLAINS, GA	1
ROCKY FLATS, CO	1
DURANGO COLO	1
HOOD RVER IE RIVER, OR 	1
CANON CITY, CO 	1
GUNNISON, CO	1
HICKAM AIR FORCE BASE, HAWAII	1
POCATELLO, ID	1
PRESCOTT, AZ	1
ALAMOGORDO, NM	1
ALBUQUERGUE, NM	1
HOLLISTER, CA	1
GALENA, ALASKA 	1
NEWCASTLE, WY	1
SAFFORD, AZ	1
MARCH AIR FORCE BASE, RIVERSIDE, CA	1
CHAMPAIGN-URBANA, IL	1
ABUQUERQUE, NM	1
ENNIS, MT	1
SANTA FE COUNTY, NM	1
KREMMLING, CO	1
CALIENTE, NV	1
SENECA FALLS, NY	1
HOOD RIVER, OR	1
WHITE SALMON, WA	1
MENLO, PARK, CA	1
ARCATA, CA 	1
ARGONNE ILL	1
LITTLE ROCK FT SMITH	1
SORINGFIELD, VA	1
REPRINTED	1
25	1
ARIZONA	1
FORT SMITH, AR	1
LUNA, NM	1
HOLLIDAYSBURG, PA	1
GOLD BEACH, OR	1
WILLIAMSBURG, PA	1
ST GEORGE, UT 	1
BUSHKILL, PA	1
ANCHORAGE ALASKA	1
SPRINGFIELD, MD	1
天津 ：	1
RED DEER, ALBERTA	1
FORT WAINWRIGHT, ALASKA 	1
BOSTON, ETC	1
CENTER LINEMI	1
BARTLESVILLE OKLA	1
DUGWAY, UT	1
AVAILABLE FROM NTIS, SPRINGFIELD, VA	1
PENDELTON, OR	1
ATLANTIC, GA	1
WSAHINGTON	1
WASHSHINGTON	1
MAXWELL AIR FORCE BASE ALA	1
OKLAHOMA CITY, OKL	1
BIRMINGHAM, ALA	1
DEER PARK, LONG ISLAND, NY	1
DEER PARK, NY	1
HARPERS FERRY, VA	1
HANOI	1
MIDWEST CITY, OK	1
FORT LESLIE J MCNAIR, WASHINGTON, DC	1
COLLVILLE, WA	1
FORT MCCLELLAN, ALA	1
HEREDIA, COSTA RICA	1
WRIGHT PATTERSON AFB, OH	1
CHAMBLEE, GA	1
COCONUT GROVE, FL	1
GREENBELT	1
LAKE SUCCESS, NEW YORK	1
MOUNTAIN VIEW	1
LEICESTER, ENGLAND	1
UNIVERSITY, LOUISIANA	1
ROCKLAND, ME	1
ATLANTA, GEO	1
SPRIGFIELD, VA	1
LOS ANGELES 	1
NATIONAL AERONAUTICS AND SPACE ADMINISTRATION	1
MAXWELL, ALA	1
JENKINTOWN, PA	1
ASHEVILLE, N, CA	1
THE HAGUE, NETHERLANDS 	1
SPRINGFIELD, VA, AVAILABLE FROM NATIONAL TECHNICAL INFORMATION SERVICE	1
WINDOW ROCK, AZ	1
CORNWALL, ONT	1
RESEARCH TRIANGLE PARK, NC, ENVIRONMENTAL PROTECTION AGENCY, OFFICE OF AIR AND WASTE MANAGEMENT, OFFICE OF AIR QUALITY PLANNING AND STANDARDS	1
FORT WADSWORTH, STATEN ISLAND, NY	1
TULéAR MADAGASCAR	1
EAST LIBERTY, OH	1
STONEVILLE, MS 	1
MAXWELL AIR FORCE BASE, ALABAMA	1
LAWRENCE KAN	1
LAWRENCE KANS	1
RESEARCH TRIANGLE PARK	1
BETHESDA, MD, US NATIONAL INSTITUTES OF HEALTH	1
SPRINGFIELD, VA, ETC	1
LG HANSCOM FIELD, MA	1
FRANKLIN CENTER, PA	1
ALEXANDRIA	1
BAY PINES, FLA 	1
IDAHO FALLS, ID ; WASHINGTON	1
RAHWAY, NJ	1
BERKELEY, CA PACIFIC SOUTHWEST FOREST AND RANGE EXPERIMENT STATION, FOREST SERVICE, US DEPT OF AGRICULTURE	1
MAXWELL AIR FORCE BASE, ALA, ETC	1
SILVER SPRING, MD COMMUNITY SERVICES ADMINISTRATION	1
JAKARTA, INDONESIA	1
1978	1
COLUMBIA, MARYLAND	1
GOLDEN, COL	1
AUBURN, ALABAMA	1
COLUMBUS NATIONAL CENTER FOR RESEARCH IN VOCATIONAL EDUCATION, OH STATE UNIVERSITY ; FOR SALE BY THE SUPT OF DOCS, US GOVT PRINT OFF	1
GREENBANK, W, VA	1
ANN ARBOR,MI	1
STANFORD,CA	1
ROSSYLN, VA	1
FOR SALE BY THE SUPT OF DOCS, US GOVT PRINT OFFICE, 1978	1
BERKELEY, CAILF	1
SUNSPOT, NM	1
BOULDER 	1
BOISE IDAHO	1
PASEDENA, CA	1
SE	1
S 	1
FOR SALE BY US GOVT PRINT OFF	1
RALSTON, ALTA	1
WORTHINGTON, OH	1
HAWTHORNE, NY	1
FOR SALE BY THE SUPT OF DOCS, US GOVT PRINT OFF, 1976	1
KESTON, VA	1
ILLINOIS	1
RESEARCH TRIANGLE PARK, N C	1
DAYTON, OH 	1
RIVERSIDE, CA 	1
WHITEOAK	1
BETHESDA, MD, NATIONAL CANCER INSTITUTE, DIVISION OF CANCER TREATMENT, ETC; FOR SALE BY THE SUPT OF DOCS, US GOVT PRINT OFF	1
GOVERNORS ISLAND, NY, ETC	1
GRAND FORKS	1
VILLAHERMOSA, TABASCO	1
RESTON	1
SAVANNAH	1
FREIBURG IM BREISGAU, ST LOUIS, MO	1
BET DAGAN	1
GLENDALE, CA 	1
HAWTHORNE, CA	1
LOMé	1
BELFAST 	1
LISBOA, PORTUGAL	1
KANYE	1
GLASGOW SCOTLAND	1
KIRCHBERG, LUXEMBOURG	1
JWANENG, BOTSWANA	1
NIAMEY, NIGER	1
NOUMEA	1
ṬARāBULUS LIBYA	1
MONT	1
HEALDSBURG, CA	1
INTERCOURSE, PA	1
HYDERBAD, INDIA	1
CHRISIANSTED V I	1
MINDEN, IW	1
PHILADELPHIA, BOSTON 	1
BOGOTà	1
ITALY	1
ADDISCOMBE	1
SENS	1
SHERBROOKE, QUÉBEC	1
RUTHERFORD, NJ	1
GUSTAVUS, AK	1
YELLOWSTONE, WY	1
ANCHARAGE	1
PINE, CO	1
TAUNTON, SOMERSET	1
ROCKLIN, CA	1
NATIONAL TECHNICAL INFORMATION SERVICE, DISTRIBUTOR	1
BIRMINGHAM, UK	1
ARCHIVI DEL '900	1
ĬOSHKAR-OLA	1
FIRENZI	1
TBILISI	1
ZOMBA, MALAŴI	1
FARNHAM, ENGLAND	1
YAOUNDÉ	1
PISA, ITALY	1
REGGELLO 	1
TARSET, NORTHUMBERLAND, UK	1
LEER	1
LINCOLN AND LONDON	1
OWINGS MILLS, MD	1
BARCELONA, SPAIN	1
SALISBURY, ZIMBABWE	1
RIVER EDGE, NJ	1
PHANTASSIE	1
MOGUER SPAIN	1
CHELTHENHAM, UK	1
NORTH CLARENDON, VT	1
READING, UK	1
PARIGI 	1
VILLENEUVE D'ASCQ 	1
SOVERIA MANNELI 	1
ESTE 	1
LOUGHEREW, OLDCASTLE, COUNTY MEATH, IRELAND	1
CIUDAD DE MéXICO	1
TOLEDO	1
KENMORE, NY	1
PISTOIA	1
IOWA, CITY, IOWA	1
PETERBOROUGH ENGLAND	1
AL-RīYāḍ	1
NETHERLANDS	1
CANBERRA ACT	1
PERUGIA	1
BORLäNGE, SWEDEN	1
TEHRAN, IRAN	1
TōKYO	1
KRUNGTHĒP	1
GLENDO, WY	1
SARANSK	1
臺灣省臺北市	1
TAIWAN SHENG TAIBEI SHI	1
CAON, NJ	1
ATLANT, GA	1
PACHUCA DE SOTO, HIDALGO, MEXICO	1
CANOGA PARK, CAORNIS	1
WICHITA	1
SANTAFé DE BOGOTá	1
WINDSOR, ONTARIO	1
LOMITA, CA	1
CROWTHORNE, ENG	1
ʼADIS ʼABABā	1
LITTLE ROCK ARK	1
STUTTGARTIAE	1
CHENGTU	1
CROTON-ON-HUDSON	1
DETROIT, MI 	1
BETHESDA, MD, DAVID W TAYLOR NAVAL SHIP RESEARCH AND DEVELOPMENT CENTER	1
HOBOKEN, NEW JERSEY	1
SANDIA BASE, ALBURQUERQUE, NEW MEXICO	1
IOWA	1
1915	1
DETROIT MICHIGAN	1
NATCHEZ	1
DES MOINES, IOWA 	1
TOLEDO, OH	1
OQUAWKA, IL	1
WAUKOMIS, OK	1
PARIS, ETC	1
ST-PETERBURG	1
OAXACA	1
NEW YORK, CINCINNATI	1
CORBEIL	1
CREFELD	1
MINDEN IN WESTFALEN	1
PUB AND SOLD BY THE HYDROGRAPHIC OFFICE UNDER THE AUTHORITY OF THE SECRETARY OF THE NAVYWASHINGTON	1
FLORENTIæ	1
SANTIAGO CUBA	1
GUTHRIE OKLA	1
DEERFIELD MASS	1
ST PETERSBURG ; LEIPZIG	1
BOLTON	1
CIEZA	1
SOUSSE	1
WEST CORNWALL, CT	1
MONMOUTH	1
CAPE TOWAN 	1
ANDOVER	1
MEDINA, OH	1
LAGUNA HILLS, CA	1
PLATTEVILLE, WI	1
FELINFACH, LAMPETER, DYFED	1
BALBOA, REPUBLIC OF PANAMA	1
THE PANAMA CANAL, BALBOA HEIGHTS, CANAL ZONE {ETC}	1
NʹI͡U-ĬORK	1
DOWNERS GROVE, IL	1
VAIN ISLANDS	1
FREIBURG BREISGAU	1
VILNA	1
CAMENZ	1
LOVANII	1
AREQUIPA	1
BRÜNN, CZECHOSLOVAKIA	1
CHIETI	1
DARMSTDAT IE DARMSTADT, FRG	1
COLLEGE ALASKA	1
V 1, 1972	1
USA	1
FRANCIS E WARREN AFB, WY	1
INVERNESS	1
TULLAMARINE VIC	1
TOLEDO, O	1
FORT WASHINGTON, PA	1
LOUGHBOROUGH, LEICESTERSHIRE	1
STREATOR, IL	1
BOONE, NC	1
FARO	1
JUBA, SUDAN	1
LILONGWE MALAWI	1
ENUGU, NIGERIA 	1
NAMIBIA	1
TUNISIA	1
AMMAN, JORDAN	1
YAOUNDé, RéPUBLIQUE DU CAMEROUN	1
GEORGETOWN, GUYANA	1
NPL	1
BUCHAREST, ROMANIA	1
LOURENçO MARQUES	1
BANDAR SERI BEGAWAN	1
LIMBE, MALAWI	1
YAOUNDé, CAMEROON	1
ENUGU, NIGERIA	1
KAYA	1
OWERRI	1
BHNAṃ BẽN	1
LUSAKA, N RHODESIA	1
UGANDA	1
ENUGU STATE, NIGERIA	1
S̀-GRAVENHAGE	1
CAUSEWAY, SALISBURY, ZIMBABWE	1
GABON	1
N'DJAMéNA	1
SALISBURY ZIMBABWE	1
KHARTOUM, SUDAN	1
HANAOI	1
HONIARA	1
SIBUT	1
GABORONE BOTSWANA	1
NIGERIA	1
LéOPOLDVILLE	1
MAPUTO MOZAMBIQUE	1
ZAMBIA	1
PORTO NOVO	1
MAIDUGURI	1
SOMALIA	1
DAKAR/SéNéGAL	1
NATITINGOU	1
CALABAR, NIGERIA	1
COTONOU, BéNIN	1
BéNIN	1
TRINIDAD	1
DJIBOUTI	1
MAISONS-ALFORT	1
GIVORS	1
PARSONS, KS	1
KELLY AFB, TX	1
RED BLUFF, CA	1
ST MARKS, FL	1
GOLDEN VALLEY, MN	1
LOS ALAMOS, NEW MEXICO	1
S□	1
LUTON, BEDFORDSHIRE, ENG	1
NICOSIA CYPRUS	1
MEDIA, PA	1
DELHI 	1
南投縣	1
NANTOU XIAN	1
GRAND FORKS, NORTH DAKOTA	1
OKLAHOMA CITY 	1
£PHILADELPHIA	1
MENLO PARK, CA; REPRODUCED BY NATIONAL TECHNICAL INFORMATION SERVICE, SPRINGFIELD, VA	1
BOGOTá, DE	1
SOUTHAMPTON	1
CAMPINAS, SP	1
MISSION, KS	1
PADADENA, CA	1
DANBURY, CT	1
NEW YORK & LONDON	1
TAIPEI 	1
VINDOBONAE	1
FLORENTIAE	1
DUBLIN, NH	1
ANNANDALE-ON-HUDSON, NY	1
TAIBEI NANGANG	1
ST JOSEPHMI	1
MOOSUP, CT	1
YAOUND,̌ RP̌UBLIQUE UNIE DU CAMEROUN	1
US PHOENIX	1
BREKELEY, CA	1
FRANKFURT AM ATHENAEUM	1
HáNộI	1
PIJNACKER NETHERLANDS	1
SCHAAN, LIECHTENSTEIN	1
VALENTIAE	1
MESA 	1
IMOLA	1
READING, PA	1
KANSAS CITY 	1
WINDHOEK, SOUTH WEST AFRICA	1
V TRUčIANSKOM SV MARTINE	1
NORTH PALM BEACH, FLA, ETC	1
WILSON DAM, ALA 	1
TOLWORTH, SURREY, ENG	1
WOODWARD, OK	1
WINTERTHUR	1
ZOMBA MALAWI	1
BRISBANE AUSTRALIA	1
PATANCHERU, ANDHRA PRADESH, INDIA	1
SERDANG, SELANGOR	1
LYNGBY, DENMARK	1
PETRÓPOLIS, BRASIL	1
SEATTLE WASH	1
TSUKUBA, IBARAKI, JAPAN	1
STUTTGART 	1
MUSCATINE, IOWA	1
القاهرة ؛	1
CITTA DEL VATICANO	1
HIGHTSTOWN, NJ	1
NIESKY	1
EDINBURGH 	1
GUTHRIE, OK	1
LILLIE	1
PETROGRAD	1
EAST PITTSBURGH, PA	1
3 P LEAVES, 6 NUMBERED LEAVES, 2 LEAVES	1
KRISTIANIA OSLO	1
SAINT-LOUIS DU SÉNÉGAL	1
27P	1
OXFORD, OXFORDSHIRE	1
MIDDLETOWN, NY	1
CADIZ	1
BRAAMFONTEIN, SA	1
BOGOTÀ	1
NORWALK, O	1
SANTO DOMINGO, REPÚBLICA DOMINICANA 	1
NEWPORT, NY	1
CANTABRIGIAE	1
WOOSTER	1
济南	1
JINAN	1
SANTOS, BRASIL 	1
REDMOND, WA	1
BANFF, ALBERTA	1
PARMA, ITALY	1
RANCATE, SWITZERLAND	1
KINGSTON, ONTARIO, CANADA	1
JACKSONMI	1
NEWTOWN, CT	1
保定市	1
BAODING SHI	1
ALTÖTTING	1
RIO DEL JANEIRO	1
ORADELL , NJ	1
OśWIęCIM	1
LONDON, GLASGOW	1
SOUTH AFRICA	1
KENDAL	1
NEUILLY-SUR-SEINI, FRANCE	1
BRAAMFONTEIN, SOUTH AFRICA	1
READING, ENGLAND	1
BIRMINGHAM, ENG	1
DURANDO, CO	1
AUBURN, AL	1
PLYMOUTH MEETING, PA	1
WARREN, PA	1
MADISON, WI, FOREST PRODUCTS LABORATORY	1
BELSTVILLE, MD	1
VERMONT	1
STE-FOY, QUEBEC	1
AKRON	1
COLUMBIA, SD	1
IDYLLWILD, CA	1
ABINGDON, OXON, UK	1
BRASILIA-DF	1
PORT MORESBY	1
西安市	1
XI'AN SHI	1
MORDIALLOC, VICTORIA, AUSTRALIA	1
BEI- JING	1
APIA, WESTERN SAMOA	1
中華民國臺北市  南港	1
VITACURA, SANTIAGO DE CHILE	1
MUNCHEN	1
ST INGBERT	1
KINGSTON, TX	1
EDINBURGH, ENG	1
WELLINGBOROUGH	1
CLARKSBURG, W, VA	1
VINDROSE	1
VALBY	1
UPLAND, CA	1
ARDSLEY-ON-HUDSON, NY	1
MELVILLE	1
OFFBUTT AFB, NE	1
GOTEBORG	1
FLOREAT, WA, AUSTRALIA	1
WHITE SPRINGS, FL	1
MILWAUKEE WI, ETC	1
ENFIELD LOCK, MIDDLESEX, UK	1
PISCATAWY, NJ	1
GENEVA SWITZERLAND	1
CHILOCCO	1
PALO ALTO	1
全州	1
CHŏNJU	1
MONTRÉAL	1
MI︠U︡NKHEN	1
TIFLIS	1
RĪGĀ	1
COSCO, PERÚ	1
JACKSONVILLE, FLA 	1
ATHENA	1
HARMONDSWORTH, MIDDLESEX, ENG	1
BEOGRAD, JUGOSLAVIJA	1
TRENTON NEW JERSEY	1
POCATELLO IDAHO	1
UNIVERSITY MISS	1
GDAŃSK	1
LONDON, DUCKWORTH & COMPANY,1899	1
MARTINEZ, CA	1
CHRISTIANSTAD, SWEDEN	1
DARIEN, CT	1
ST CROIX	1
서울特別市	1
SŎUL TʻŬKPYŎLSI	1
CHINO VALLEY, ARIZONA	1
LA HABANA CUBA	1
KYOTO	1
POLA	1
BOGOT ̀	1
WILSON, ALABAMA	1
PALENCIA	1
OMSK	1
AL-KUWAYT	1
V MARTINE	1
TOLʹI͡ATTI	1
YERUSHALYIM	1
CUSCO	1
ALEXANDRIA, SD	1
BLACK POINT, NS	1
LEMONT, ILI	1
SANTO DOMINGO, DN, REPúBLICA DOMINICANA	1
Київ	1
PESHAWAR, PAKISTAN	1
CHRISTIANIA	1
LAHORE, S MUHAMMAD ASHRAF	1
ROSWELL, GA	1
CARCAS	1
NEW DELHI, PUBLISHED FOR THE AGRICULTURE RESEARCH SERVICE, U S DEPT OF AGRICULTURE, AND NATIONAL SCIENCE FOUNDATION	1
CUYAHOGA FALLS, OH	1
214 P	1
HELENA, WA	1
VALPARAISO	1
LüBECK	1
LāHAUR	1
ASMERA, ERITREA	1
WASHIN GTON, DC	1
PERPIGNAN	1
CHICHESTER, WEST SUSSEX, ENGLAND	1
HAMELN	1
HERMANNSBURG	1
POMPEI	1
NEW BRUNSWICK	1
MUNCIE, IN	1
CLERMONT-FERRAND FRANCE	1
CHARLBURY, ENGLAND	1
CITTA DEL VATICANO VATICAN CITY	1
BANDOENG 	1
SAN CRISTóBAL DE LAS CASAS, CHIAPAS, MéXICO	1
KOLKATA	1
ALGERIE	1
TENERIFE, CANARY ISLANDS, SPAIN	1
CLIFFS OF MOHER, CO CLARE, IRELAND	1
NORMAL	1
THE NETHERLANDS	1
DUBLIN, IRE	1
MIDDLETOWN, CONN, ETC	1
BRASíLIA, DF	1
MüHLHEIM	1
SONDRIO	1
HURON, OH	1
OLDCASTLE, CO MEATH, IRELAND	1
TARSET	1
KOLAMBA	1
BUCURESȚI	1
VENEZUELA	1
LA PLATA, BS AS, ARGENTINA	1
CASOLI 	1
OSPEDALETTO 	1
STOCKPORT, ENGLAND	1
FERNEY-VOLTAIRE	1
MIRNA PEč, SLOVENIA	1
LOTTSTETTEN	1
MONTéLIMAR	1
BAENA, CóRDOBA	1
OPAVA	1
COTIA -, SP	1
BURLINGTON USA	1
BOSTON SPA, YORKSHIRE	1
BELLINZONA	1
SãO PAULO, BRAZIL	1
JONSERED, SWEDEN	1
ELMIRA HEIGHTS, NY	1
CONSEJO ARGENTINO PARA LAS RELACIONES INTERNACIONALES	1
BRIGHTON, GREAT BRITAIN	1
FRANKFURT/M	1
KILCAR, CO DONEGAL	1
ASHFIELD, MA	1
MONTERREY, MEXICO	1
MULGRAVE, VIC	1
MONTEUX, FRANCE	1
DON MILLS, ONT	1
SMOLENSK	1
VALENCIENNES	1
SAINT-MAUR	1
MELBOURNE, VIC	1
LEóN, ESPAñA	1
BRIXEN 	1
FRANKLIN LAKES, NJ	1
CUNEO	1
SOUTH ROYALTON, VT	1
ELMWOOD, CT	1
PARADISE, CA	1
WALLINGFORD	1
SAINT-LéGER-VAUBAN, FRANCE	1
BILBAO	1
SAINT-LAURENT, QUéBEC	1
CAGLI 	1
SAINT-HIPPOLYTE, QUéBEC	1
CAPUA, ITALY	1
CLOQUET 	1
WEST STOCKBRIDGE, MA	1
MONZA	1
LEWISBERG, PA	1
PAVIA	1
CANTABRIA	1
NORMAL ILL	1
EAST LINTON, EAST LOTHIAN, SCOTLAND	1
BELGIUM	1
LEóN, SPAIN	1
SAN ANTONIO, TEJAS	1
OLSZTYN	1
TODI	1
BIAłYSTOK	1
ODENSE	1
COLMAR FRANCE	1
SAINT-LAURENT	1
OAKVILLE, CT	1
AARHUS, DENMARK	1
CHOLULA, PUEBLA	1
ALDERSHOT, GREAT BRITAIN	1
WURZBURG	1
COOLGREANY, GOREY, CO WEXFORD	1
LOUGHCREW, IRELAND	1
SANTHIA	1
TRESCORE BALNEARIO 	1
KLUDENBACH	1
GIJóN, ASTURIAS	1
SHIPPENSBURG, PA	1
BETHLEHEM, PA	1
LEWISBURG, NJ	1
SYDNEY, NS	1
PROVIDENCIA, SANTIAGO CHILE	1
GEMONA, ITALY	1
LEWISTON	1
GöTEBORG, SWEDEN	1
TLAQUEPAQUE, JALISCO, MÉXICO	1
HAMDEN, CONN 	1
BERKELEY AND LOS ANGELES	1
BERLIN GERMANY	1
CAğALOğLU, İSTANBUL	1
CóRDOBA	1
PEKING, CHINA	1
MARINA DEL REY, CA	1
POONA, INDIA	1
MISHAWAKA, IN	1
בני־ברק	1
BENE BERAḳ	1
ALICANTE, SPAIN	1
GUANAJUATO MéXICO	1
مكة	1
MAKKAH	1
BERLIN, GERMANY	1
SAN DOMENICO 	1
LUXEMBURG	1
الرياض 	1
VALENCIA, SPAIN	1
BOWLING GREEN, OH	1
AMSTERDAM, THE NETHERLANDS	1
ILLIERS-COMBRAY FRANCE	1
الرياض، المملكة العربية السعودية	1
AL-RIYāḍ, AL-MAMLAKAH AL-ʻARABīYAH AL-SAʻūDīYAH	1
COLOGNY, SWITZERLAND	1
MARBUR/LAHN	1
KÖNIGSTEIN, GERMANY	1
SANTAFÉ DE BOGOTÁ, DC	1
VINCI	1
WESTMINSTER, CA	1
KUALA LUMPUR, MALAYSIA	1
MAYNOOTH	1
YERUSAHALAYIM	1
TIJUANA, BC	1
LIÈGE, BELGIUM	1
ישראל	1
רמת־גן ישראל	1
RAMAT-GAN ISRAEL	1
XALAPA, VERACURZ, MéXICO	1
PALAU	1
MARINA DI MINTURNO	1
STUTGARDIAE	1
EAST SYRACUSE, NY	1
KOROR, REPUBLIC OF PALAU	1
PENNINGTON, NJ	1
DHAKA, BANGLADESH	1
INDIANAPOLIS, IND 	1
BADEN BADEN	1
LIMOGES 	1
MOUNT CLEMENSMI	1
CHANTILLY, VA	1
BADEN SWITZERLAND	1
CRESSKILL, NJ	1
三鷹市	1
FRONT ROYAL, VA	1
DHARWAD, KARNATAKA	1
SHEFFIELD, ENG	1
CARTHAGE, IL	1
KIRTIPUR, NEPAL	1
IRKUTSK	1
ALBUQUERQUE, N M	1
CANBERRA ACT, AUSTRALIA	1
BUDAPEST, HUNGARY	1
NORWICH ENGLAND	1
SCHAFFHAUSEN	1
OCEANSIDE, NY	1
DUNN LORING, VA	1
NAKANG, TAIPEI	1
東村山	1
STUTTGARDTIAE	1
SNOWMASS, CO 	1
NORTH THORESBY	1
NORTHRIDGE, CA	1
ORMSKIRK, LANCASHIRE, GREAT BRITAIN	1
WAKE FOREST, NC	1
VANCOUVER, BRITISH COLUMBIA, CANADA	1
NEW LONDON	1
DAYTON, 1918-19	1
GHATTANCOGA, TN	1
SAN JUAN, PUERTO RICO 	1
CASSEL	1
BIELEFELD UND LEIPZIG	1
FORT RILEY	1
NANKING, CHINA	1
NACOGDOCHES	1
BERKELEY, CAL	1
STALINGRAD STALINGRADSKOE KINZHNOE IZD-VO	1
PIETERMARITZBURG	1
ASMARA, ETHIOPIA	1
DARESBURY ENG	1
AVON	1
GALIENMI	1
COLOMBIA	1
ARNHEM	1
RATIBOR	1
LEIPAIG	1
LUCKNOW	1
SACKVILLE	1
LONDON, G ALLEN & # LTD	1
HARMON-ON-HUDSON, NY	1
KNOXVILLE!	1
MARSHALL	1
HAAG	1
MüNCHEN, HEIMERAN	1
BIENNE	1
TUSCULANI	1
DONAUESCHINGEN	1
LAKE SUCCESS	1
WESTON, MA	1
FORTO !	1
BROOKS AFB  TEX	1
BOSEMAN	1
BROCKTON	1
HARRISBURG, COMMONWEALTH OF PENNSYLVANIA	1
STANFORD UNIVERSITY, CA	1
ND	1
MAXWELL AIR FORCE BASE, ALA DOCUMENTARY RESEARCH DIVISION, RESEARCH STUDIES INSTITUTE	1
RECKLINGHAUSEN	1
CHARLESTON,W, VA	1
MANCHESTER, NEW HAMPSHIRE	1
VALDEPEÑAS SPAIN	1
MILWAUKEE WISC	1
COLLEGE STATION, AGRICULTURAL AND MECHANICAL COLLEGE OF TEXAS, DEPT OF OCEANOGRAPHY & METEROLOGY	1
AVAILABLE FROM THE OFFICE OF TECHNICAL SERVICES, U S DEPT OF COMMERCE, WA	1
JERUSALEM, ISRAEL PROGRAM FOR SCIENTIFIC TRANSLATIONS	1
ALBANY, GA	1
HICKSVILLE, NY	1
ARBROATH, SCOT	1
ST PETERBURG 	1
STRASSBURG	1
PEIPING	1
GARDEN CITY,NY	1
FREEPORT	1
NEW HYDE PARK, NY	1
MONTPELIER, VERMONT	1
TIRUPATI	1
ALABAMA	1
LONDON 1957	1
LYON 	1
GREELEY	1
SARAJEVO	1
STANFORD, CAL	1
MANSFIELD, ETC	1
MACAU	1
FRAMINGHAM, MA	1
SOURABAYA	1
JAIPUR	1
MARTIN	1
JéRUSALEM	1
STUTTGART UND BERLIN	1
BONN 	1
SHANNON, IRE	1
NEUILLY-SUR-SEINE	1
BOISE,ID	1
NEW YORK BRITISH INFORMATION SERVICES, REFERENCE DIVISION	1
FOR SALE OR LEASE THROUGH WAR ASSETS ADMINISTRATION	1
LANCASTER, PA, ETC	1
GADSDEN	1
WILSONVILLE, OR	1
WáSHINGON	1
LEYDEN	1
LONDON,$HM STATIONERY OFF	1
CAMBRIDGE ENGLAND	1
NACOGDOCHES, TX	1
PEAL HARBOR	1
CAṆḌīGAṚHA	1
EDMONTON, CAN	1
COLLEGE STATION 	1
中華民國臺北 ：	1
NANKANG, TAIPEI, TAIWAN, REPUBLIC OF CHINA	1
MADISON, WI, ETC	1
OTTAWA, QUEEN'S PRINTER	1
MITCHELL, SD 	1
LILLE, FRANCE	1
CARY, NC	1
MCLEAN, VA 	1
CHEYENNE	1
BALBOA HEIGHTS	1
TALLAHASSEE 	1
NOGENT-SUR-MARNE 	1
DOKKI, CAIRO, EGYPT	1
NIAGRA FALLS, NY	1
LINCOLN, NER	1
PORT HUENEME, CAL	1
CROWTHORNE	1
PALMER	1
JESSELTON	1
CHINCHINÁ, COMBIA	1
TEGUCIGALPA, DC, REPÚBLICA DE HONDURAS, CA	1
GLASGOW, SCOTLAND	1
BUENOS AIRESS	1
JOS, NIGERIA	1
GUATEMALA, GUATEMALA	1
MARACAY, VENEZUELA	1
中華民國臺北	1
FUERTE BENNING, GA	1
AGUASCALIENTES, AGS MÉXICO	1
SALTA ARGENTINA	1
SAPPORO, JAPAN	1
CHAMPAIGN	1
FORT BELVOIR, DEFENSE SYSTEMS MANAGEMENT COLLEGE	1
SALA BOLOGNESE	1
3, ED	1
DOWNEY, CAIFORIA	1
CANOGA PARK, CAONIA	1
WELDON SPRING, MO	1
NEWARK, NEW JERSEY	1
YONKERS, NY	1
COLORADO SPRINGS, COL	1
HATTIESBURG, MS	1
MARA	1
PRESIDIO OF SAN FRANCISCO	1
ST-PETERSBOURG	1
SALINAS	1
HILT, CA	1
HULL, QUé	1
RENO NEV	1
MâEXICO	1
CEDAR RAPIDS	1
FEBRUARY 1956	1
1949	1
LISBON, PORTUGAL	1
CEDAR RAPIDS, COMMUNITY SCOOL DISTRICT	1
1925	1
1954	1
TŌKYO	1
MONTREAL 	1
MONTREAL, QUEBEC	1
TANARIVE	1
CAIRO, EGYPT	1
LĀHŪR	1
PHILADELPHIA,PA	1
TEGUCIGALPA, DC, HONDURAS, LA	1
GREENWICH, CONN 	1
EVANS CITY, PA	1
AVALIABLE FROM CLEARINGHOUSE FOR FEDERAL SCIENTIFIC AND TECHNICAL INFORMATION, SPRINGFIELD, VA	1
PITTBURGH, PA	1
HORSHAM, PENNSYLVANIA	1
GETTYSBURG, PA	1
FARNHAM ROYAL, ENGLAND	1
WELLINGTON 	1
MAURITANIA	1
SAN DOMENICO, ITALY	1
WEILERSWIST	1
NEDELN, LIECHTENSTEIN	1
GLOUCESTER IE ROCKPORT, MA	1
OFFENBACH	1
BURY ST EDMUNDS, SUFFOLK	1
SANTA CLARA	1
EDINBURGH, SCOTLAND	1
SETTIMO MILANESE, MILANO	1
BODENHEIM	1
KOEVORDEN	1
MILTON PARK, ABINGDON, OXON	1
HERLEV, DENMARK	1
TAIPEI, TAIWAN, ROC	1
LONDON AND	1
DAVENPORT	1
PHILADEPHIA	1
DES MOINES, STATE OF IOWA	1
BĀRĪS	1
TŌKYŌ-TO	1
IMPRIMERIE FRANCAISE	1
FORT LESLEY, J MCNAIR, WASHINGTON, DC	1
PHOENIX, AZ 	1
ULLAPOOL	1
LEVENWORTH, KS	1
ENT AFB, CO	1
FOREST KNOLLS, CA	1
EL SALVADOR	1
NEW YORK, NY, WASHINGTON, DC ETC	1
WEST LOS ANGELES	1
ST INIGOES, MD	1
HINES, IL 	1
SACRAMENT, CA	1
TEMPE, ARIZ 	1
SAN BRUNO, CA 	1
FOREST PARK, IL 	1
BILLINGS, MT 	1
HYATTSVILLE	1
BAGNEUX, FRANCE	1
WALTHAM, MA 	1
DARTMOUTH, NS	1
SPRINGIFIELD, VA	1
BATON ROUGE, LA ETC	1
ROME, ITALY	1
MORGANTOWN, WEST, VA	1
GARCHING, GERMANY	1
MüNCHEN-PULLACH	1
MONTRéAL, QUéBEC	1
HAYMARKET, NSW	1
FRANKFURT, GERMANY	1
YVERDON, SWITZERLAND	1
BETHESA, MD	1
GREELEY, COL	1
OTTUMWA, IA	1
COOPERSTOWN, NY	1
VATICAN CITY STATE	1
GREAT BARRINGTON, MA 	1
SACRAMENTO RIVER AND DELTA WATER ASSOCIATION	1
CINCINNNATI	1
GRAND COULEE, WA	1
TAHOE CITY, CA	1
BUTTE	1
22161	1
MEXICALI	1
MENDOZA ARGENTINA	1
PANAMÁ, PANAMÁ	1
CAUSEWAY, HARARE, ZIMBABWE	1
QUITO, ECUADOR, SA	1
MONTERREY, NL	1
CRISTAL	1
CINCINNNATI, OH	1
RIO DE JANEIRO 	1
ST THOMAS	1
SÃO PALO-SP	1
FORTALEZA, BRASIL	1
WILLEMSTAD	1
SHARON, CT	1
AZUL, PCIA DE BUENOS AIRES	1
CARACAS VENEZUELA	1
TALENCE, FRANCE	1
RIO DE JANEIRO, IPEA/INPES	1
BELTVILLE, MD	1
ARCUEIL 	1
SPRINGFIELD, VS	1
SACRAMENTO 	1
MISSISSIPPI STATE	1
HAVANA, IL	1
ALCALá DE HENARES	1
LA RIOJA, REPÚBLICA ARGENTINA	1
GOIÂNIA	1
PÔRTO ALEGRE	1
RIO DE JANIERO	1
BUENOS	1
RANDOLPH FIELD	1
MUSCLE SHOALS, ALA 	1
ASHTABULA, OH	1
TYNDALL AIR FORCE, FL	1
PANAMA CITY	1
WOODLAWN, MD	1
SIERRA VISTA, AZ	1
PROVIDENCIA, SANTIAGO	1
BOLIVIA	1
UVALDE, TX	1
PROVIDENCIA, SANTIAGO DE CHILE	1
LA HABANA IE HAVANA, CUBA	1
QUERÉTARO, MÉXICO	1
CIUDAD JUáREZ	1
TIJUANA, BC, MéXICO	1
PELEUSÍ DE AZOGUES	1
GINEBRA, SUIZA	1
PARANÁ, REPÚBLICA ARGENTINA	1
SÃO PAULO-SP	1
WÁSHINGTON, DC	1
BUNDOORA, AUSTRALIA	1
EVANSTON	1
MOSCÚ	1
STEVENS POINT, WI	1
HYSTTSVILLE, MD	1
WELLESLEY HILLS, MA	1
BELO HORIZONTE-BRASIL	1
CÓRDOBA, ARGENTINE REPUBLIC	1
ST THOMAS, US VI 	1
POINTE À PITRE	1
TEGUCIGALPA, DC, HONDURAS, CA	1
GLORIETA, NM	1
EL PASO	1
SãO LUíS, MA	1
MEXICALI, BAJA CA, MÉXICO	1
ZAMORAMIOACáN	1
PORTO ALEGRE, RS	1
CARTAGO, COSTA RICA	1
COCHABAMBA, BOLIVIA	1
PORTO ALEGRE, RS, BRAZIL	1
UBERLâNDIA	1
ESTELLA, ETC	1
BELÉM, PARÁ	1
BRIGHTON ENGLAND	1
XALAPA, VERACRUZ, MÉXICO	1
LA PLATA, ARGENTINA	1
CAXIAS DO SUL	1
HAVANA, CUBA	1
PASSO FUNDO, RS, BRASIL	1
SãO CARLOS	1
NITEóI, RJ	1
TUCUMÁN, ARGENTINA	1
BARRANQUILLA, COMBIA	1
CAMPO GRANDE, MS	1
RIO DE JANEIRO, RJ BRAZIL	1
PARAGUAY	1
MENDOZA, ARGENTINA	1
MENDOZA, REPÚBLICA ARGENTINA	1
MÉRIDA	1
PROVIDENCIA SANTIAGO, CHILE	1
BAHÍA BLANCA, ARGENTINA	1
ZACATECAS, MÉXICO	1
AGUASCALIENTES, AGS, MÉXICO	1
LA PLATA PROVINCIA BUENOS AIRES, ARGENTINA	1
FLORIANÓPOLIS	1
MéRIDA, VENEZUELA	1
MORELIAMI, MéXICO	1
ZAMORAMIOACÁN	1
SAN MIGUEL DE TUCUMÁN ARGENTINA	1
COPENHAGUE, DINAMARCA	1
SALTA, ARGENTINA	1
CHIMALISTAC, MÉXICO, DF	1
MORELIAMIOACÁN, MÉXICO	1
TUSCON	1
FT LEAVENWORTH, KS	1
FUERTE GULICK, ZONA DEL CANAL	1
PORT OF SPAIN, TRINIDAD AND TOBAGO	1
EXCELSIOR, MN	1
BRUSSELS, BELGIUM, 200, RUE DE LA LOI, B1049 BRUSSELS, BELGIUM	1
WESTLAKE, OH	1
WHITE RIVER JUNCTION, VT	1
LEWISBURG	1
HUELVA, SPAIN	1
PETRÓPOLIS	1
MONTERREY, NL, MÉX	1
PANAMA, REPUBLIC OF PANAMA	1
VINELAND, NJ	1
BOLSWARD	1
TERVUREN	1
CLAYTON, VIC	1
HALLE A	1
BARBER, NJ	1
福州	1
FUZHOU	1
SAN DIEGO, CA 	1
RESEARCH TRIANGLE PART, NC	1
PRAGA	1
CAGLIARI	1
ROLLA	1
BETHESDA,, MD	1
GABARONE	1
-- OTTAWA	1
ST AUGUSTINE, TRINIDAD	1
CIUDAD TRUJILLO, DN	1
CRAWTHORNE, BERKSHIRE	1
CAIRO, ARE	1
POTSDAM	1
XALAPA, VER, MéXICO	1
CORNWALLVILLE, NY	1
OLYMPIA WASH	1
MARSHALLTOWN, IOWA	1
FORT DODGE, IOWA	1
CHAUMONT	1
REINBEK	1
FORT SHERIDAN	1
ALBUQUERQUE, NEW MEXOCP	1
MOFFET FIELD, CA	1
MARIETTA, GEORGIA	1
WESTWOOD, NEW JERSEY	1
{WASHINGTON, DC	1
LONG ISLAND, NEW YORK	1
BLOOMSBURG, PENNSYLVANIA	1
VICKSBURY, MS	1
ARLINGTON HEIGHTS, IL	1
MONTGOMERY, AL 	1
MOGADISHO	1
ZANZIBAR	1
THESSALONIKI GREECE	1
AUSTRIA	1
WASHNGTON, DC	1
MCLEAN	1
UNION CATALOG AND INTERNATIONAL ORGANIZATIONS REFERENCE SECTION --WASHINGTON	1
MATOURKOU	1
YOSEMITE, CA	1
SOUTH LAKE TAHOE, CA	1
RICHMOND, IN	1
SYCAMORE, OH	1
NEVADA	1
<ST PAUL>	1
AURORA, MO	1
SOUTH MILWAUKEE, WI	1
PERADENIYA	1
ST LOUIS, MO 	1
SANKTPETERBURG	1
WINCHESTER, MA	1
AZUSA, CA	1
WASHIHGTON	1
EDMONTON	1
EL CAJON, CA 	1
ST, LOUIS, MO	1
1938	1
HUALIEN, TAIWAN	1
1958	1
AMES IOWA	1
WACHINGTON	1
C1968-	1
VARIOUS PLACES	1
FROME, SOMERSET	1
PASEDENA	1
CAYUGA, ND	1
DORAVILLE, GEORGIA	1
LADD AIR FORCE BASE, AK	1
BETHESDA, ED	1
OCALA, FL	1
ALEXENDRIA, VA	1
WASHINIGTON	1
EVORA, PORTUGAL	1
GRAN CANARIA	1
SPRINGFIELD, VA, FOR SALE BY THE NATIONAL TECHNICAL INFORMATION SERVICE	1
PERKASIE, PA	1
SAN FRANCISCO 	1
NEW YORK AND LONDON	1
SANTA PAULA, CA	1
1976	1
